robot_pos_x,robot_pos_y,robot_pos_theta,goal_pos_x,goal_pos_y,dist_sensor_0,dist_sensor_1,dist_sensor_2,dist_sensor_3,dist_sensor_4,dist_sensor_5,dist_sensor_6,dist_sensor_7,dist_sensor_8,dist_sensor_9,dist_sensor_10,dist_sensor_11,dist_sensor_12,dist_sensor_13,dist_sensor_14,dist_sensor_15,step,command_type,trajectory_x,trajectory_y
10.0,10.0,90.0,85.0,85.0,17.0,27.059805007309848,38.18376618407357,10.823922002923936,90.0,26.131259297527535,14.142135623730951,10.82392200292394,10.0,10.82392200292394,14.142135623730951,10.823922002923943,10.0,10.823922002923942,14.142135623730947,26.131259297527485,0,RIGHT,1.0,6.123233995736766e-17
10.0,10.0,87.00000000000001,85.0,85.0,17.023329881964656,26.521217489624927,40.35086684634443,11.079285440824664,90.1235111398129,29.95744312430926,14.944765498646085,11.079285440824666,10.01372345997921,10.608486995849969,13.45632729606376,11.079285440824666,10.01372345997921,10.608486995849972,13.456327296063757,23.22820497343172,1,UP,0.052335956242943835,0.9986295347545738
10.031401573745766,10.599177720852744,87.00000000000001,85.0,85.0,16.991885214394827,26.487905170951798,39.455409793328684,10.415439340913633,89.52351113981288,30.051514210259526,14.991694414237976,11.11407614070671,10.045168127549035,10.64179931452309,13.498582281457212,11.743131540735698,10.61372345997921,11.244123901836907,14.262600448094165,24.619987264979834,2,RIGHT,0.9986295347545738,-0.05233595624294377
10.031401573745766,10.599177720852744,84.0,85.0,85.0,17.062066210187087,26.040972581448393,47.56969766264574,10.697131568901593,89.89326700146906,17.105219764173754,15.94005488525694,11.414663448416848,10.086657338027857,10.462239364654673,12.908001934333138,12.060732054645017,10.657560954882594,11.054400879962897,13.638593322909005,22.213105162495648,3,UP,0.10452846326765347,0.9945218953682732
10.094118651706358,11.195890858073708,84.0,85.0,85.0,16.99900366902768,25.9755618731788,47.488995862635065,10.018135758938925,89.29326700146903,16.482878446488016,16.03971330861736,11.486028783771571,10.149719879187263,10.527650072924267,12.988703734343796,12.739727864607687,11.257560954882596,11.676742197648638,14.406419660322204,23.46365987702359,4,RIGHT,0.9945218953682732,-0.10452846326765342
10.094118651706358,11.195890858073708,81.0,85.0,85.0,17.116615285857176,25.61358679020811,47.3031758341759,10.325703045663754,12.18325736469579,16.253185963900222,17.17314038135084,11.838661927629275,10.219943110418905,10.380944988074187,12.477016826457579,13.130850886616434,11.33544904592835,11.514024265060412,13.838882169247551,21.427601172761555,5,RIGHT,0.9876883405951375,-0.15643446504023079
10.094118651706358,11.195890858073708,78.00000000000001,85.0,85.0,17.283568794332126,91.43700240565117,107.20047272976937,10.682962467977443,9.16678297789517,16.07325732152355,18.533593816733788,12.248268276226343,10.319627267023666,10.26602417547537,12.035856553825345,13.585165733895508,11.44601371988702,11.386559855380623,13.349569289764645,19.76653879882946,6,RIGHT,0.9781476007338055,-0.20791169081775923
10.094118651706358,11.195890858073708,75.0,85.0,85.0,43.25760051250831,90.68167565437196,103.81436959633575,11.097336703333674,9.114684484366945,15.94048217671641,20.188237303412713,12.723358104222354,10.450200602344736,10.181220403643316,11.655684241589375,14.112111576871625,11.590839123834717,11.29249975894772,12.927901201453047,18.391261871345193,7,RIGHT,0.9659258262890681,-0.25881904510252063
10.094118651706358,11.195890858073708,72.0,85.0,85.0,36.230663885394975,90.18388817819591,63.86696371289774,38.34930509427186,9.257188180806281,15.852978584237365,22.23420678956351,13.27464421421413,10.613584449248147,10.125331670086625,11.328894208604423,14.723570519648826,11.772056303959065,11.230510774798924,12.565442063706797,17.23908615455818,8,RIGHT,0.9510565162951533,-0.3090169943749473
10.094118651706358,11.195890858073708,69.0,85.0,85.0,31.241328562666194,16.911676557471345,98.41423937490234,36.1817618822282,9.430477430808345,15.809526671865003,24.817332845580875,13.915736556310408,10.812264658953424,10.097578839782093,11.04938847570232,14.664126611685635,11.992422441932236,11.199728725388434,12.255428303441674,16.264714804561287,9,RIGHT,0.9335804264972014,-0.35836794954530016
10.094118651706358,11.195890858073708,65.99999999999999,85.0,85.0,27.526142649476554,16.911676557471345,26.67781011834259,37.48665303186193,9.637297266679257,88.83455052369835,28.166912427614832,14.664126611685647,11.049388475702324,10.097578839782093,10.812264658953422,13.9157365563104,12.255428303441676,11.199728725388434,11.992422441932233,15.434638037251592,10,RIGHT,0.9135454576426005,-0.4067366430758001
10.094118651706358,11.195890858073708,63.0,85.0,85.0,24.66106860054728,16.95815768894966,26.187593399091213,48.53444478065275,9.881082688980413,89.07870907348364,32.66525412987032,15.542611418510944,11.328894208604424,10.125331670086627,10.613584449248146,13.274644214214124,12.565442063706803,11.230510774798924,11.772056303959065,14.723570519648812,11,RIGHT,0.8910065241883675,-0.45399049973954664
10.094118651706358,11.195890858073708,59.99999999999999,85.0,85.0,22.391781716147417,17.051761532020805,25.78446571200817,46.51884535426008,10.16610956613198,89.57039629906755,16.361617747237524,16.581403109167347,11.655684241589379,10.181220403643318,10.450200602344736,12.723358104222346,12.927901201453055,11.292499758947718,11.590839123834716,14.112111576871612,12,RIGHT,0.8660254037844383,-0.4999999999999998
10.094118651706358,11.195890858073708,57.0,85.0,85.0,20.556534031323707,17.193793001428798,27.91622308056629,49.08863520444629,10.497696566954302,10.458341441091655,16.157182341468776,17.821340927511606,12.035856553825349,10.266024175475371,10.319627267023666,12.248268276226334,13.349569289764652,11.386559855380622,11.446013719887018,13.585165733895499,13,RIGHT,0.8386705679454236,-0.5446390350150269
10.094118651706358,11.195890858073708,54.0,85.0,85.0,19.04758721728323,17.386265240886445,91.02656946838138,105.44410773377162,10.882477380748243,9.05427960824376,16.001109350347733,19.318940439949202,12.477016826457588,10.380944988074189,10.219943110418907,11.83866192762927,13.838882169247558,11.51402426506041,11.335449045928351,13.130850886616424,14,UP,0.5877852522924729,0.809016994374947
10.446789803081842,11.681301054698677,54.0,85.0,85.0,19.873416369565934,17.02357287044449,90.66950222674221,105.03048523964169,10.282477380748244,8.555076386874626,15.509648454563058,19.99391100482953,12.912942343260799,10.743637358516137,10.577010352058085,12.252284421759189,14.438882169247558,12.013227486429544,11.82690994171303,13.700153409437037,15,UP,0.5877852522924729,0.809016994374947
10.799460954457325,12.166711251323646,54.0,85.0,85.0,20.699245521848635,16.66088050000254,90.31243498510305,104.61686274551177,9.682477380748246,8.055873165505496,15.018187558778376,20.668881569709853,13.348867860064017,11.10632972895809,10.934077593697264,12.665906915889108,15.03888216924756,12.512430707798678,12.318370837497708,14.269455932257653,16,RIGHT,0.809016994374947,-0.5877852522924729
10.799460954457325,12.166711251323646,51.0,85.0,85.0,19.3330955493545,16.89633458344465,89.6918805518219,63.950210158413306,113.020324501216,8.16971998365593,14.91499464995043,22.632846452576192,13.896309689637722,11.263286060692007,10.858947404529758,12.28863298046781,15.655632088100734,12.689258271260114,12.233728898264518,13.84441777023468,17,RIGHT,0.7771459614569705,-0.6293203910498372
10.799460954457325,12.166711251323646,48.0,85.0,85.0,18.18286465407708,36.44835603214218,89.3229530483142,62.32891311655345,36.167138097646365,8.309934182507101,15.275558370352961,25.085209265270773,14.532108122423894,11.456594109755004,10.81428155147788,11.965031052147346,16.139541147614935,12.907039809192842,12.18340818881726,13.479846682950766,18,UP,0.6691306063588579,0.7431448254773938
11.20093931827264,12.612598146610082,48.0,85.0,85.0,18.849232162974594,16.760412978874925,88.92092371727306,61.82137206227538,35.567138097646364,7.836915649480493,87.5073276045921,26.01777143798078,15.072350549002598,11.882501909919993,11.216310882519029,12.409840391249858,16.739541147614936,13.38005834221945,12.629906995199969,13.973857501670919,19,RIGHT,0.7431448254773938,-0.6691306063588579
11.20093931827264,12.612598146610082,45.0,85.0,85.0,17.836907355697747,32.958307258458326,88.79906068172738,96.11541067519268,34.48899445210678,7.996066146534828,87.38740185338993,15.572811548581582,15.840520295219225,12.12380935404671,11.200939318272642,12.123809354046708,15.84052029521922,13.651777859313057,12.612598146610084,13.651777859313057,20,UP,0.7071067811865471,0.707106781186547
11.625203386984568,13.03686221532201,45.0,85.0,85.0,18.43690735569774,34.066962697471865,88.37479661301545,95.65619055635459,33.88899445210677,7.536846027696717,86.96313778467801,15.113591429743472,16.440520295219216,12.583029472884817,11.62520338698457,12.583029472884816,16.440520295219216,14.110997978151165,13.036862215322012,14.110997978151163,21,UP,0.7071067811865471,0.707106781186547
12.049467455696496,13.461126284033938,45.0,85.0,85.0,19.03690735569774,16.182339816171712,87.95053254430351,95.19697043751647,33.28899445210678,7.077625908858611,6.538873715966064,14.654371310905368,17.040520295219217,13.042249591722925,12.049467455696497,13.042249591722921,17.040520295219213,14.570218096989272,13.46112628403394,14.570218096989272,22,RIGHT,0.707106781186547,-0.7071067811865471
12.049467455696496,13.461126284033938,41.99999999999999,85.0,85.0,18.11373210516072,31.267780049879,88.0712311056557,24.34704260440753,35.17829477873568,7.244604836069389,6.54784731314108,14.362696575428094,18.00764655089519,13.349948935158878,12.066003494136401,12.78266188106737,16.21415778271207,14.913966045579944,13.479599606817342,14.280218313366825,23,RIGHT,0.6691306063588577,-0.7431448254773938
12.049467455696496,13.461126284033938,39.0,85.0,85.0,17.32123301367661,28.21100104441156,15.03288425718098,23.936232964018487,44.97293208444299,7.440539813977456,6.574891660424135,14.12035362186952,19.146793313967592,13.711006854655198,12.115839291033966,12.566978982084585,15.504767512535867,15.317323809569153,13.535273930846198,14.039267022267131,24,UP,0.7771459614569703,0.629320391049837
12.515755032570677,13.83871851866384,39.0,85.0,85.0,17.80710343359362,29.002335640101403,17.590601269585793,23.449918842690682,44.372932084443,7.010880184926577,6.195219542204879,13.726544211301007,19.887731607888625,14.241592308848032,12.584695310238565,13.053293103412384,16.104767512535865,15.746983438620028,13.914946049065454,14.433076432835646,25,RIGHT,0.629320391049837,-0.7771459614569703
12.515755032570677,13.83871851866384,35.99999999999999,85.0,85.0,17.105596810553703,26.48565843656838,14.664792902892577,23.123139142594816,42.806928862543636,7.226121567946041,6.23808263001631,13.53526184351065,21.29307427118472,14.678824146235064,12.671765493383504,12.871392635687481,15.470324009992448,16.230432364334142,14.011219885743754,14.231948385449982,26,UP,0.8090169943749469,0.5877852522924726
13.001165229195646,14.191389670039324,35.99999999999999,85.0,85.0,17.541522327356915,27.160629001448704,14.1733320071079,22.623935921225684,42.20692886254363,6.812499073816119,5.881015388377129,13.172569473068702,22.118903423467426,15.248126669055678,13.163226389168182,13.370595857056614,16.070324009992447,16.644054858464063,14.368287127382935,14.59464075589193,27,RIGHT,0.5877852522924726,-0.8090169943749469
13.001165229195646,14.191389670039324,32.999999999999986,85.0,85.0,16.921292116886136,25.055143719970452,14.311577067001386,22.373480774489263,45.550555019025005,7.048205008110458,5.938378140071154,16.468606881620147,23.871159416322296,15.775697227792644,13.291618994354414,13.22257852890503,15.502112183387943,17.219923193762483,14.508433757229438,14.43307280835134,28,UP,0.8386705679454235,0.5446390350150265
13.5043675699629,14.518173091048341,32.999999999999986,85.0,85.0,17.310936672804647,25.63208549727716,13.797132886603915,21.86170876410189,44.950555019025025,103.72419671783757,5.604294183044765,5.575183878342455,14.882872233765937,16.386286173653758,13.806063174751884,13.734350539292402,16.102112183387945,17.61644429152716,14.842517714255825,14.765421437882857,29,RIGHT,0.5446390350150265,-0.8386705679454235
13.5043675699629,14.518173091048341,29.999999999999993,85.0,85.0,16.76414228451668,23.848707226226654,13.971706794387254,21.681117394921344,99.87655333441765,107.74748471793389,5.675204823968686,5.529129377256229,14.412772251723112,17.02188279059307,13.98075007668499,13.620896225384003,15.593500503507466,18.299756683092568,15.03031878423298,14.643449834346834,30,UP,0.866025403784438,0.49999999999999944
14.023982812233562,14.81817309104834,29.999999999999993,85.0,85.0,17.110552446030454,24.341511115738022,13.433761511086427,21.15701841320828,99.27655333441768,107.36934299373081,5.364621969845661,5.226540689082182,14.066362090209338,17.676843469374496,14.51869535998582,14.144995207097065,16.193500503507465,18.677898407295643,15.340901638356003,14.946038522520876,31,RIGHT,0.4999999999999995,-0.866025403784438
14.023982812233562,14.81817309104834,26.999999999999993,85.0,85.0,16.63082445389101,22.816564202706914,13.643791894002884,86.24187209767383,59.45637405519914,32.29822191582305,5.448495247304021,5.197850146257787,13.671983962236732,18.44275748306017,14.745688160430335,14.067347750608723,15.739483866303036,19.487186794169123,15.580749237461333,14.863993823398728,32,UP,0.8910065241883671,0.45399049973954625
14.558586726746583,15.090567390892067,26.999999999999993,85.0,85.0,16.936539723587668,23.235988513156514,13.08167607296254,24.33666347278945,58.85637405519914,31.475055357870396,5.162082930920507,4.924613549173351,5.509985029099548,19.14580814112697,15.30780398147068,14.603604766535113,16.339483866303038,19.84540899673796,15.867161553844841,15.13723042048316,33,RIGHT,0.4539904997395463,-0.8910065241883671
14.558586726746583,15.090567390892067,23.999999999999993,85.0,85.0,16.518682529310798,21.922665910491155,13.326557541414683,85.47070194813263,58.78357167011416,30.20431033223918,5.258714160844338,4.911115525740759,5.374043040810139,20.070445425897145,15.594357286785108,14.563577300954163,15.936357194873407,20.80383315698431,16.164185711896245,15.095740324076603,34,UP,0.9135454576426001,0.40673664307579965
15.106714001332143,15.334609376737546,23.999999999999993,85.0,85.0,16.785819740495917,22.277195384780658,12.739433755366447,84.92238677963329,58.18357167011417,29.867874423282384,4.997309809468717,4.666989884135074,5.106905829625019,20.826092849475994,16.18148107283334,15.11189246945349,16.53635719487341,21.1402690659411,16.42559006327187,15.339865965682288,35,RIGHT,0.4067366430757997,-0.9135454576426001
15.106714001332143,15.334609376737546,20.99999999999999,85.0,85.0,16.425590063271866,21.1402690659411,13.018822324789857,84.92238677963329,90.93301829086957,31.474172451642556,25.904995121239907,4.666989884135074,4.997309809468716,21.946122732033757,16.53635719487341,15.111892469453492,16.181481072833336,20.826092849475987,16.785819740495924,15.339865965682288,36,UP,0.9335804264972009,0.3583679495452997
15.666862257230465,15.549630146464727,20.99999999999999,85.0,85.0,16.655908484293118,21.43669637068184,12.40566372254167,84.36204650911908,90.33301829086956,31.161803249316172,25.669625586064246,4.451895406902652,4.766991388447469,22.75987232516137,17.1495157971216,15.672232739967708,16.781481072833337,21.59831237953274,17.02118927567159,15.55496044291471,37,RIGHT,0.35836794954529977,-0.9335804264972009
15.666862257230465,15.549630146464727,17.999999999999986,85.0,85.0,16.349848699884213,20.4491164587256,12.71947784343451,84.59391254334963,20.32806401251725,41.205802111303505,94.7808658645485,4.464131280444384,4.679395784881132,15.058232538325587,17.583330572693242,15.71530730493291,16.473113835822105,20.60328688356339,17.4517578988876,15.597712689212123,38,UP,0.9510565162951526,0.3090169943749469
16.237496167007556,15.735040343089695,17.999999999999986,85.0,85.0,16.54480051762396,20.692946997954294,12.079040434407798,84.0215141202625,19.728064012517255,40.45536887485881,94.57277513615135,4.278147758690716,4.484443967141388,5.608792999861405,18.223767981719952,16.287705728020065,17.073113835822106,21.353720120008088,17.659848627284745,15.783696210965797,39,RIGHT,0.30901699437494695,-0.9510565162951526
16.237496167007556,15.735040343089695,14.99999999999999,85.0,85.0,16.290112464992465,19.83358428580317,12.427468970265137,84.48528717666223,19.42437330314996,38.775287467371996,97.30079428234026,4.301761825665728,4.415411143209199,5.3758639944021205,18.749445565974664,16.377608881353048,16.810293011202948,20.466915991110437,18.169259555584922,15.870817385937332,40,UP,0.9659258262890673,0.2588190451025203
16.817051662780997,15.890331770151207,14.99999999999999,85.0,85.0,16.450881980451136,20.029324845746494,11.758255927274893,83.90073071936175,18.82437330314996,38.04477375256153,97.12147918790664,84.83544724141387,4.254641627750528,5.180123434458803,19.41865860896491,16.962165338653527,17.41029301120295,21.1974297059209,18.348574650018527,16.027448816601392,41,UP,0.9659258262890673,0.2588190451025203
17.39660715855444,16.04562319721272,14.99999999999999,85.0,85.0,16.61165149590981,20.225065405689815,11.089042884284646,83.31617426206125,18.22437330314996,37.70668723241081,96.94216409347302,84.6788158107498,4.093872112291854,4.984382874515477,20.087871651955155,17.54672179595401,18.010293011202947,21.927943420731367,18.527889744452143,16.184080247265456,42,UP,0.9659258262890673,0.2588190451025203
17.97616265432788,16.200914624274233,14.99999999999999,85.0,85.0,16.772421011368486,20.420805965633136,10.419829841294401,82.73161780476077,17.624373303149962,37.45159316819853,96.76284899903942,84.52218438008575,3.9331025968331788,4.788642314572149,20.7570846949454,18.131278253254493,18.61029301120295,22.65845713554183,18.70720483888575,16.34071167792952,43,UP,0.9659258262890673,0.2588190451025203
18.55571815010132,16.356206051335747,14.99999999999999,85.0,85.0,16.93319052682716,20.616546525576467,9.750616798304154,82.1470613474603,17.024373303149957,37.196499103986234,96.58353390460582,26.387668186106524,6.010833358438088,4.592901754628827,7.2875878973285015,18.715834710554972,19.21029301120295,23.388970850352298,18.886519933319367,16.497343108593583,44,UP,0.9659258262890673,0.2588190451025203
19.13527364587476,16.51149747839726,14.99999999999999,85.0,85.0,17.093960042285836,20.81228708551979,9.081403755313907,81.56250489015981,16.424373303149963,36.94140503977395,96.4042188101722,22.682554923368315,8.250063842979413,4.397161194685504,6.977005043205481,19.30039116785545,19.810293011202948,24.11948456516276,19.065835027752975,16.653974539257646,45,UP,0.9659258262890673,0.2588190451025203
19.714829141648202,16.666788905458773,14.99999999999999,85.0,85.0,17.254729557744508,11.96720178250228,9.33357781091755,80.97794843285932,15.824373303149953,36.68631097556167,96.22490371573858,22.525923492704255,76.17225051517744,4.459594534543535,6.666422189082455,19.88494762515593,20.410293011202945,24.849998279973228,19.24515012218659,16.810605969921706,46,LEFT,-0.25881904510252024,0.9659258262890673
19.714829141648202,16.666788905458773,17.99999999999999,85.0,85.0,17.52449893344336,11.217480562275824,10.279485822139673,80.53342854187338,16.071779748584525,35.882373485617336,93.52704927772645,83.59089392345673,63.798527267167444,4.383462578322904,7.342028294542468,19.775791306409175,20.729398099754828,25.663005606547397,18.705574485709658,16.71832592482581,47,UP,0.9510565162951525,0.3090169943749469
20.285463051425292,16.85219910208374,17.99999999999999,85.0,85.0,17.719450751183103,10.338836132988101,10.687886871790134,79.96103011878621,15.471779748584536,35.13194024917264,93.31895854932931,22.21628629425072,65.64513738947261,5.058854299235559,6.93362724489201,20.348189729496326,21.329398099754826,25.948494487608293,18.913665214106807,16.904309446579482,48,LEFT,-0.30901699437494684,0.9510565162951525
20.285463051425292,16.85219910208374,20.999999999999993,85.0,85.0,18.051148699971435,9.754474199299832,11.92958437526239,79.74186249325369,85.38582717255976,36.82861983570435,91.01659934085679,83.17630333969625,56.6051263154633,4.772922513246984,7.739162309331514,20.292416755833102,21.728672191143133,24.48185818347957,18.447028509747895,16.857975909390547,49,LEFT,-0.35836794954529966,0.9335804264972006
20.285463051425292,16.85219910208374,23.999999999999996,85.0,85.0,18.447028509747888,9.256650382070038,47.0248500834573,14.719580981347278,54.45243568524204,27.77572754576266,89.0633506637315,83.17630333969625,8.077617562509626,4.572935241614054,8.783712109049397,20.292416755833102,22.205203782384096,23.232415943460826,18.051148699971442,16.857975909390547,50,UP,0.9135454576425998,0.4067366430757996
20.833590326010853,17.096241087929222,23.999999999999996,85.0,85.0,18.714165720933014,8.501002958491195,47.70583170068932,14.171265812847949,53.85243568524205,27.439291636805866,88.80194631235587,82.93217769809056,51.22132633161421,5.284981768325961,8.10273049181737,20.840731924332427,22.805203782384098,23.56885185241762,18.312553051347066,17.10210155099623,51,UP,0.9135454576425998,0.4067366430757996
21.381717600596414,17.340283073774703,23.999999999999996,85.0,85.0,18.981302932118137,7.758041077002404,48.38681331792133,13.622950644348622,53.25243568524205,51.74409186356597,88.54054196098024,82.68805205648486,52.56894839595675,6.040629191904806,7.421748874585357,21.389047092831756,23.4052037823841,23.90528776137441,18.57395740272269,17.34622719260192,52,LEFT,-0.40673664307579954,0.9135454576425998
21.381717600596414,17.340283073774703,26.999999999999996,85.0,85.0,19.461454661704355,8.222802559042677,56.11433477582389,13.660392831577715,51.19859525266441,25.854238151211707,86.9135698141544,82.91531717749537,47.09727981722759,5.76233985373699,8.607024774171851,21.447834115321182,23.997262668837763,22.803980844747333,18.232652609672332,17.393902670787195,53,LEFT,-0.453990499739546,0.8910065241883667
21.381717600596414,17.340283073774703,29.999999999999993,85.0,85.0,11.236564798807184,8.772374232826435,66.99770902448867,13.735794021397433,52.67545524652805,24.78053085275766,85.57563601316123,83.37298436514828,8.763435201192834,5.52303416153503,22.135982928152504,21.56621959890792,24.689480824881795,21.85694846562213,17.951982027847095,17.489911692866997,54,UP,0.8660254037844375,0.49999999999999917
21.901332842867077,17.640283073774704,29.999999999999993,85.0,85.0,10.197334314265854,9.265178122337808,68.15682001603558,13.211695039684363,52.075455246528044,24.40238912855458,85.26505315903819,83.07039567697423,43.80266568573417,6.17799484031646,9.117246087089875,22.09031858062098,25.289480824881796,22.235090189825208,18.26256488197012,17.792500381041044,55,UP,0.8660254037844375,0.49999999999999917
22.42094808513774,17.940283073774705,29.999999999999993,85.0,85.0,9.158103829724523,9.757982011849194,69.31593100758245,12.687596057971305,51.47545524652804,24.0242474043515,84.95447030491518,82.76780698880019,44.8418961702755,6.832955519097892,7.958135095542976,22.614417562334047,25.889480824881797,22.613231914028287,18.573147736093148,18.09508906921509,56,LEFT,-0.4999999999999991,0.8660254037844375
22.42094808513774,17.940283073774705,32.99999999999999,85.0,85.0,8.407498582498619,10.487672427524899,79.31221408370527,12.793276512626067,92.50241379629608,23.127182692852163,21.5302035300463,83.45721571787611,41.166619804471296,6.577813155291018,9.906691240516606,22.802782790768223,26.73391548729867,21.768854480612788,18.341079669689854,18.245810863250433,57,LEFT,-0.5446390350150262,0.8386705679454228
22.42094808513774,17.940283073774705,35.99999999999999,85.0,85.0,7.79034842572707,34.335564315909195,78.54608455549503,12.936488111147787,35.82893045391738,24.07480663932682,21.322228946770434,84.3914596747962,38.144795225283104,6.357838056156223,22.70042802330527,23.05804366713452,27.71381595322399,21.040860874018477,18.163910958961694,18.450059691724675,58,UP,0.8090169943749462,0.5877852522924721
22.90635828176271,18.292954225150186,35.99999999999999,85.0,85.0,7.778519201580152,35.010534880789514,78.05462365971034,12.43728488977866,35.228930453917386,23.145789356975328,20.965161705131255,84.02876730435423,38.97062437756581,6.92714057897684,10.912210262686067,23.557246888503652,28.31381595322399,21.454483368148395,18.52097820060087,18.812752062166624,59,LEFT,-0.5877852522924721,0.8090169943749462
22.90635828176271,18.292954225150186,39.0,85.0,85.0,8.097519046939833,38.33724904305962,12.16025687776235,12.61305048117285,32.903821438720826,25.34511094726101,20.821105971912232,80.65183346217403,36.398563605336456,6.7208048144080434,23.032532906960736,23.890161464930213,29.067791994843418,20.81542787638743,18.39371693106493,19.078616720029107,60,UP,0.7771459614569697,0.6293203910498364
23.372645858636893,18.670546459780088,39.0,85.0,85.0,8.583389466856836,39.12858363874945,11.691400858557751,50.71584613143972,32.303821438720824,24.367894105175814,20.441433853692967,82.29360242138385,37.13950189925749,7.2513902686008755,23.501388926165337,24.376475586258017,29.667791994843416,21.245087505438306,18.773389049284184,19.47242613059762,61,LEFT,-0.6293203910498364,0.7771459614569697
23.372645858636893,18.670546459780088,41.99999999999999,85.0,85.0,8.976105640640032,43.36832801337525,11.64331089428542,81.2900289935041,31.79374104661895,90.10722305183843,20.357352584425758,70.01847089747372,34.92987114402301,7.060436248112734,23.404721215641825,24.794840964995615,27.90269385729904,20.6856313564082,18.69616890949317,10.866625538161305,62,UP,0.7431448254773931,0.669130606358857
23.81853275392333,19.072024823595402,41.99999999999999,85.0,85.0,9.51634806721874,44.30089018608527,11.196812087902714,80.81701046047748,31.19374104661895,89.66241371273591,19.95532325338461,71.35423402801555,35.596238652920526,7.554447066832886,23.85122002202453,25.26785949802222,28.50269385729904,21.130440695510714,19.098198240534316,9.530862407619486,63,UP,0.7431448254773931,0.669130606358857
24.264419649209763,19.473503187410717,41.99999999999999,85.0,85.0,10.056590493797444,45.23345235879528,10.750313281520008,80.34399192745087,30.59374104661896,24.936826089690197,19.553293922343453,72.68999715855736,36.26260616181804,8.048457885553034,10.05994445091018,25.740878031048826,29.102693857299037,21.575250034613227,19.50022757157547,8.195099277077656,64,LEFT,-0.669130606358857,0.7431448254773931
24.264419649209763,19.473503187410717,44.99999999999999,85.0,85.0,10.569129566074794,50.88671612214581,10.735580350790233,51.025195138211544,32.1529660805108,87.16125206681696,19.526496812589286,63.40598415575226,34.315071351024685,7.862951167955458,24.264419649209767,26.263618572926152,27.539692314551942,21.077967962422434,19.47350318741072,8.089261558913709,65,UP,0.7071067811865465,0.7071067811865462
24.68868371792169,19.897767256122645,44.99999999999999,85.0,85.0,28.139692314551933,51.99537156115936,10.311316282078305,49.91653969919801,31.552966080510792,86.70203194797887,19.10223274387736,64.51463959476578,34.91507135102468,8.322171286793568,24.688683717921695,26.72283869176426,28.139692314551944,21.537188081260542,19.89776725612265,8.548481677751811,66,UP,0.7071067811865465,0.7071067811865462
25.11294778663362,20.322031324834573,44.99999999999999,85.0,85.0,28.739692314551927,53.10402700017289,9.887052213366385,48.807884260184466,30.952966080510794,86.24281182914076,18.67796867516543,65.62329503377933,35.51507135102468,8.781391405631672,8.112947786633622,27.182058810602364,28.739692314551945,21.99640820009865,20.322031324834576,9.007701796589917,67,UP,0.7071067811865465,0.7071067811865462
25.537211855345546,20.7462953935465,44.99999999999999,85.0,85.0,29.339692314551936,54.21268243918645,9.462788144654457,47.69922882117092,30.352966080510804,85.78359171030264,18.253704606453503,66.73195047279285,36.115071351024675,9.240611524469777,8.53721185534555,27.64127892944047,29.339692314551947,22.455628318936753,20.746295393546504,9.466921915428024,68,UP,0.7071067811865465,0.7071067811865462
25.961475924057474,21.170559462258428,44.99999999999999,85.0,85.0,29.939692314551923,9.783227961955209,9.03852407594253,46.59057338215738,29.7529660805108,85.32437159146454,17.829440537741576,67.8406059118064,36.71507135102468,9.699831643307888,8.961475924057478,28.10049904827858,29.93969231455194,22.91484843777486,21.17055946225843,9.92614203426613,69,UP,0.7071067811865465,0.7071067811865462
26.385739992769402,21.594823530970356,44.99999999999999,85.0,85.0,30.53969231455192,9.324007843117105,8.614260007230602,45.481917943143834,29.1529660805108,84.86515147262644,17.405176469029648,68.94926135081997,37.31507135102468,17.735797164192753,9.385739992769405,28.559719167116686,30.539692314551942,23.37406855661297,21.59482353097036,10.385362153104237,70,UP,0.7071067811865465,0.7071067811865462
26.81000406148133,22.019087599682283,44.99999999999999,85.0,85.0,31.13969231455192,8.86478772427899,73.18999593851868,44.37326250413029,28.55296608051081,21.40149075151287,16.98091240031772,70.05791678983351,37.91507135102468,18.195017283030857,9.810004061481333,29.01893928595479,31.13969231455194,23.833288675451076,22.019087599682287,10.844582271942347,71,UP,0.7071067811865465,0.7071067811865462
27.234268130193257,22.44335166839421,44.99999999999999,85.0,85.0,31.739692314551927,8.405567605440888,72.76573186980673,43.264607065116756,27.952966080510816,20.292835312499328,77.5566483316058,71.16657222884703,38.51507135102467,18.654237401868965,10.23426813019326,29.478159404792898,31.73969231455194,24.292508794289184,10.443351668394214,11.30380239078045,72,UP,0.7071067811865465,0.7071067811865462
27.658532198905185,22.86761573710614,44.99999999999999,85.0,85.0,32.33969231455192,7.946347486602783,72.34146780109482,42.582897895959384,27.35296608051081,19.184179873485785,77.13238426289385,72.27522766786058,39.115071351024675,19.113457520707072,10.658532198905188,29.937379523631005,32.33969231455193,24.751728913127288,10.867615737106144,24.751728913127284,73,RIGHT,0.7071067811865462,-0.7071067811865465
27.658532198905185,22.86761573710614,41.999999999999986,85.0,85.0,30.771412183911853,8.133821732295285,72.44074532491538,76.74335204286137,26.02651211178106,17.052911888967962,77.23823658174717,81.82578954118125,41.33502777493903,19.56439186976638,10.67315939291207,29.34151791563833,34.175115470420025,25.3356842102493,10.882529866069904,11.528896022298499,74,UP,0.7431448254773931,0.6691306063588569
28.10441909419162,23.269094100921453,41.999999999999986,85.0,85.0,31.311654610490564,7.639810913575137,71.99424651853269,76.27033350983477,25.426512111781058,16.01719666909993,76.83620725070601,16.688111066331437,42.001395283836544,20.05840268848653,11.119658199294776,29.814536448664935,34.775115470420026,25.780493549351814,11.284559197111053,24.684988217483443,75,RIGHT,0.6691306063588569,-0.7431448254773931
28.10441909419162,23.269094100921453,38.999999999999986,85.0,85.0,29.94172942402895,7.846434492975951,72.291601864819,74.9834179369407,24.996656906089004,15.62430419394906,77.15356117993254,16.406531203950493,44.65836399692629,31.979826848230616,11.165585338952884,29.311473337639505,36.16363011332165,26.477743509612164,23.397266776419105,11.753089440186162,76,UP,0.7771459614569697,0.6293203910498362
28.570706671065803,23.646686335551355,38.999999999999986,85.0,85.0,30.427599843945952,7.315849038783127,71.82274584561439,74.49710381561289,24.396656906089003,15.194644564898182,76.77388906171329,16.012721793381985,45.39930229084731,32.51041230242345,11.634441358157483,12.06765594228868,36.763630113321646,26.90740313866304,11.710839539876163,24.662285803704297,77,UP,0.7771459614569697,0.6293203910498362
29.036994247939987,24.024278570181256,38.999999999999986,85.0,85.0,30.913470263862955,6.785263584590297,71.3538898264098,74.0107896942851,23.796656906089005,14.764984935847313,76.39421694349403,15.61891238281347,46.14024058476835,33.04099775661628,29.196938129941866,12.553970063616482,37.363630113321655,27.337062767713913,12.09051165809542,25.05609521427281,78,UP,0.7771459614569697,0.6293203910498362
29.50328182481417,24.401870804811157,38.999999999999986,85.0,85.0,8.734371638611883,6.254678130397453,70.88503380720519,73.52447557295727,23.19665690608901,14.335325306796443,76.01454482527478,15.225102972244956,46.881178878689376,33.57158321080911,29.665794149146464,13.040284184944287,37.963630113321656,27.766722396764788,12.470183776314675,25.449904624841324,79,UP,0.7771459614569697,0.6293203910498362
29.969569401688354,24.779463039441058,38.999999999999986,85.0,85.0,7.993433344690852,5.825027791439544,70.4161777880006,73.03816145162946,22.596656906089006,13.905665677745558,75.63487270705552,14.831293561676443,47.62211717261041,34.10216866500194,21.243371337748187,13.526598306272087,38.56363011332166,28.196382025815662,12.849855894533931,25.843714035409835,80,RIGHT,0.6293203910498362,-0.7771459614569697
29.969569401688354,24.779463039441058,35.999999999999986,85.0,85.0,8.558279709625278,5.899828331594482,70.90336872470763,72.02035884622063,24.193422521399054,14.33258421483871,76.15817041561345,14.624616272316484,50.987276875017535,35.149141049895846,20.21849259621266,13.338102227991694,37.044425036884505,29.06204055987963,12.938760653730832,25.483576280626657,81,UP,0.8090169943749461,0.5877852522924719
30.454979598313322,25.13213419081654,35.999999999999986,85.0,85.0,7.73245055734258,5.994531664444455,70.41190782892295,71.5211556248515,23.593422521399056,13.918961720708795,75.80110317397428,14.799949509581664,51.81310602730024,35.71844357271646,20.70995349199734,13.837305449360828,37.6444250368845,29.475663054009548,13.295827895370007,25.846268651068602,82,UP,0.8090169943749461,0.5877852522924719
30.94038979493829,25.484805342192022,35.999999999999986,85.0,85.0,6.906621405059875,6.669502229324801,69.92044693313828,71.02195240348237,22.99342252139907,13.505339226578878,75.44403593233508,16.879280572778946,52.63893517958295,36.28774609553708,21.201414387782016,14.33650867072996,38.24442503688451,29.889285548139465,13.652895137009185,26.20896102151055,83,RIGHT,0.5877852522924719,-0.8090169943749461
30.94038979493829,25.484805342192022,32.999999999999986,85.0,85.0,7.453762848543721,6.152484056517345,70.60244297818986,41.758866280960845,24.81495777737468,13.972611011260332,76.17990843294686,75.78420822980864,16.11502200550273,37.5432673079742,21.408210559662802,14.177798338658745,36.892185057520365,30.923426162204628,13.78606391517572,25.918818351317913,84,UP,0.8386705679454226,0.5446390350150259
31.443592135705543,25.811588763201037,32.999999999999986,85.0,85.0,6.529843870254978,6.729425833824048,70.08799879779237,41.24709427057349,24.214957777374686,13.57608991349566,75.84582447592048,75.45185960027713,15.725377449584224,38.153856253835315,21.922654740060274,14.689570349046114,37.49218505752036,31.319947259969297,14.120147872202105,26.251166980849426,85,RIGHT,0.5446390350150259,-0.8386705679454226
31.443592135705543,25.811588763201037,29.999999999999986,85.0,85.0,7.112815728588919,6.261219225744394,70.97481607638257,40.90636750902805,79.16212107024836,93.51244580323424,13.740904819758251,74.82858011286545,15.22866555549874,39.63378048444695,22.20004016052494,14.568225322880357,36.30793276767679,32.534795597792225,14.298808860161602,26.034315945149814,86,UP,0.8660254037844372,0.49999999999999883
31.963207377976207,26.111588763201038,29.999999999999986,85.0,85.0,6.073585244047577,6.754023115255776,70.43687079308174,40.38226852731499,78.56212107024837,41.127429283410045,11.73326569078751,74.52599142469143,14.882255393984963,40.28874116322837,22.73798544382577,15.092324304593417,36.90793276767679,32.91293732199531,14.609391714284625,26.336904633323858,87,RIGHT,0.4999999999999989,-0.8660254037844372
31.963207377976207,26.111588763201038,26.999999999999986,85.0,85.0,6.689110507303554,6.330897096037901,71.53811730039088,40.160594331426815,39.322711642251285,23.1531877887467,11.448753097465582,74.11688886992378,14.46500209248101,42.03439849758975,33.60810512343586,15.00947658512859,35.87314627925088,34.33901092897998,14.837802508491107,26.192330978358775,88,UP,0.8910065241883662,0.4539904997395457
32.497811292489224,26.383983063044766,26.999999999999986,85.0,85.0,5.511544204000479,6.750321406487504,70.97600147935056,39.62433731550043,38.7227116422513,22.330021230794074,11.16234078108207,73.84365227283935,14.159286822784349,42.73744915565654,34.170220944476206,17.63954899308895,36.47314627925088,34.69723313154882,15.124214824874619,26.46556757544321,89,UP,0.8910065241883662,0.4539904997395457
33.032415207002245,26.656377362888495,26.999999999999986,85.0,85.0,5.2259744866964555,7.169745716937107,70.4138856583102,39.08808029957404,38.12271164225129,21.506854672841424,10.875928464698559,73.57041567575493,13.853571553087683,43.44049981372334,34.73233676551655,33.134557991189396,37.07314627925088,35.05545533411766,15.410627141258134,26.738804172527644,90,UP,0.8910065241883662,0.4539904997395457
33.567019121515266,26.928771662732224,26.999999999999986,85.0,85.0,5.53168975639312,7.589170027386699,69.85176983726987,38.55182328364766,37.5227116422513,20.68368811488878,10.589516148315045,73.29717907867047,14.465102519287859,44.14355047179014,35.2944525865569,33.67081500711579,37.67314627925087,35.41367753668651,15.69703945764165,27.01204076961208,91,UP,0.8910065241883662,0.4539904997395457
34.101623036028286,27.201165962575953,26.999999999999986,85.0,85.0,5.837405026089772,41.88351328872837,69.28965401622952,38.015566267721276,36.922711642251286,19.86052155693613,10.303103831931532,73.02394248158605,15.642668822590931,44.846601129856936,35.85656840759724,34.20707202304218,38.273146279250874,35.771899739255346,15.983451774025154,27.285277366696516,92,UP,0.8910065241883662,0.4539904997395457
34.63622695054131,27.47356026241968,26.999999999999986,85.0,85.0,6.143120295786433,42.30293759917798,68.72753819518917,37.47930925179487,36.3227116422513,19.037354998983492,10.016691515548018,72.75070588450161,16.820235125894026,45.54965178792374,36.41868422863759,34.743329038968575,38.873146279250875,36.130121941824186,16.269864090408667,5.490485597158792,93,UP,0.8910065241883662,0.4539904997395457
35.17083086505433,27.74595456226341,26.999999999999986,85.0,85.0,6.4488355654830904,42.72236190962757,68.16542237414882,36.94305223586848,35.722711642251305,18.21418844103085,9.73027919916451,72.47746928741718,17.997801429197118,46.25270244599053,36.98080004967794,35.27958605489496,39.47314627925087,36.488344144393025,16.556276406792183,5.763722194243227,94,UP,0.8910065241883662,0.4539904997395457
35.70543477956735,28.01834886210714,26.999999999999986,85.0,85.0,6.754550835179749,43.141786220077186,67.60330655310848,36.40679521994209,35.12271164225129,17.391021883078196,9.443866882780995,72.20423269033274,78.64797787630243,16.90920646559509,37.54291587071828,35.81584307082136,40.07314627925087,36.84656634696186,16.842688723175694,6.036958791327663,95,UP,0.8910065241883662,0.4539904997395457
36.24003869408037,28.290743161950868,26.999999999999986,85.0,85.0,7.060266104876401,43.56121053052678,67.04119073206813,35.8705382040157,34.5227116422513,16.567855325125553,9.15745456639749,8.736187588830289,79.82554417960553,16.489782155145498,38.105031691758626,36.35210008674775,40.67314627925087,37.204788549530704,17.129101039559202,6.310195388412099,96,UP,0.8910065241883662,0.4539904997395457
36.77464260859339,28.563137461794597,26.999999999999986,85.0,85.0,32.057158602529,43.980634840976386,66.4790749110278,35.334281188089314,33.922711642251286,15.744688767172892,8.871042250013971,8.462950991745853,80.17546516090708,16.070357844695906,38.66714751279897,36.888357102674135,41.27314627925087,37.563010752099544,17.41551335594272,6.583431985496535,97,UP,0.8910065241883662,0.4539904997395457
37.30924652310641,28.835531761638325,26.999999999999986,85.0,85.0,32.36287387222566,44.400059151426,65.91695908998744,34.79802417216292,33.322711642251306,14.921522209220273,8.584629933630456,8.189714394661415,79.86974989121042,15.65093353424629,39.22926333383931,37.42461411860052,41.87314627925087,37.92123295466838,7.187303429943561,6.8566685825809754,98,UP,0.8910065241883662,0.4539904997395457
37.84385043761943,29.107926061482054,26.999999999999986,85.0,85.0,32.66858914192231,44.819483461875606,65.35484326894709,34.26176715623653,32.7227116422513,14.098355651267621,74.54033774425781,7.916477797576973,79.56403462151377,15.231509223796685,39.791379154879664,37.96087113452692,42.47314627925087,38.27945515723722,7.473715746327071,7.129905179665408,99,UP,0.8910065241883662,0.4539904997395457
38.37845435213245,29.380320361325783,26.999999999999986,85.0,85.0,32.974304411618974,45.238907772325206,64.79272744790676,33.725510140310135,32.12271164225129,13.275189093314975,74.25392542787426,7.643241200492544,79.25831935181712,14.963657397340114,40.35349497592,28.466206165625053,43.07314627925087,38.63767735980606,7.760128062710584,7.403141776749839,100,UP,0.8910065241883662,0.4539904997395457
38.91305826664547,29.65271466116951,26.999999999999986,85.0,85.0,33.280019681315636,45.6583320827748,64.23061162686642,33.189253124383754,31.522711642251284,12.452022535362323,73.96751311149077,7.370004603408112,8.246051111155726,15.666708055406927,40.91561079696035,29.00246318155144,43.67314627925087,38.9958995623749,8.046540379094097,7.676378373834278,101,UP,0.8910065241883662,0.4539904997395457
39.44766218115849,29.92510896101324,26.999999999999986,85.0,85.0,33.585734951012284,46.07775639322442,63.668495805826055,32.65299610845736,30.922711642251304,11.934271230796867,73.68110079510726,7.096768006323672,7.940335841459074,16.36975871347372,41.477726618000695,29.538720197477833,44.27314627925087,39.35412176494374,8.332952695477609,30.017643337540875,102,UP,0.8910065241883662,0.4539904997395457
39.98226609567151,30.19750326085697,26.999999999999986,85.0,85.0,33.89145022070895,46.49718070367402,63.10637998478572,32.11673909253096,30.322711642251303,11.576049028228038,73.39468847872375,6.82353140923924,7.634620571762406,17.072809371540522,42.03984243904104,30.074977213404225,44.87314627925087,39.71234396751258,8.619365011861124,30.29087993462531,103,UP,0.8910065241883662,0.4539904997395457
40.51687001018453,30.469897560700698,26.999999999999986,85.0,85.0,34.19716549040561,46.91660501412362,62.544264163745375,31.580482076604575,29.722711642251305,11.217826825659193,73.10827616234023,6.587764049402599,7.328905302065754,17.77586002960731,42.60195826008138,30.611234229330613,45.47314627925087,40.07056617008142,8.905777328244628,30.564116531709747,104,UP,0.8910065241883662,0.4539904997395457
41.051473924697554,30.742291860544427,26.999999999999986,85.0,85.0,34.50288076010226,47.33602932457322,61.98214834270503,31.04422506067819,29.122711642251303,10.859604623090345,72.82186384595671,69.47186671948837,7.023190032369087,18.47891068767411,43.16407408112173,31.147491245257005,46.07314627925087,40.42878837265026,9.192189644628145,30.83735312879418,105,UP,0.8910065241883662,0.4539904997395457
41.586077839210574,31.014686160388155,26.999999999999986,85.0,85.0,34.80859602979892,47.755453635022825,61.42003252166469,30.507968044751795,28.5227116422513,10.5013824205215,72.53545152957322,69.19863012240396,6.717474762672432,19.18196134574091,43.726189902162076,31.683748261183393,46.673146279250865,40.78701057521911,9.478601961011659,31.11058972587862,106,UP,0.8910065241883662,0.4539904997395457
42.120681753723595,31.287080460231884,26.999999999999986,85.0,85.0,35.11431129949558,48.17487794547244,60.857916700624344,29.971711028825393,27.922711642251308,10.14316021795267,72.2490392131897,68.9253935253195,6.41175949297577,8.796576653755103,44.28830572320242,32.220005277109784,47.27314627925087,41.14523277778794,9.765014277395178,31.383826322963053,107,UP,0.8910065241883662,0.4539904997395457
42.655285668236615,31.559474760075613,26.999999999999986,85.0,85.0,35.42002656919223,48.59430225592205,60.29580087958399,29.435454012899015,27.322711642251303,9.78493801538383,71.96262689680616,68.65215692823507,6.106044223279116,8.3771523433055,44.850421544242764,32.75626229303617,47.87314627925086,41.503454980356786,10.051426593778686,31.65706292004749,108,UP,0.8910065241883662,0.4539904997395457
43.189889582749636,31.83186905991934,26.999999999999986,85.0,85.0,35.725741838888894,49.013726566371645,59.73368505854365,56.98577855449175,26.722711642251305,9.42671581281499,12.329776312002249,68.37892033115064,7.026335539135006,7.957728032855905,45.41253736528311,33.29251930896257,48.47314627925087,41.861677182925625,10.337838910162194,31.930299517131925,109,UP,0.8910065241883662,0.4539904997395457
43.72449349726266,32.10426335976307,26.999999999999986,85.0,85.0,36.03145710858554,49.43315087682125,59.17156923750329,56.44952153856535,26.122711642251303,9.068493610246152,10.599761703600661,68.10568373406622,8.203901842438082,7.538303722406309,22.315072522742707,33.828776324888956,49.073146279250864,13.287985387897189,12.052714138897917,32.20353611421636,110,UP,0.8910065241883662,0.4539904997395457
44.25909741177568,32.37665765960679,26.999999999999986,85.0,85.0,36.337172378282204,49.852575187270844,58.609453416462955,55.91326452263896,25.522711642251284,8.710271407677318,8.869747095199038,67.83244713698177,9.381468145741174,7.118879411956704,21.433586051764944,34.365033340815344,49.673146279250865,13.646207590466027,13.78272874729949,32.47677271130079,111,UP,0.8910065241883662,0.4539904997395457
44.7937013262887,32.64905195945052,26.999999999999986,85.0,85.0,36.64288764797885,50.271999497720444,58.04733759542262,55.37700750671257,24.922711642251304,8.352049205108488,7.139732486797433,67.55921053989734,75.58973611545723,6.699455101507114,20.5520995807872,34.90129035674173,50.27314627925087,14.004429793034877,15.512743355701128,32.75000930838522,112,UP,0.8910065241883662,0.4539904997395457
45.32830524080172,32.92144625929424,26.999999999999986,85.0,85.0,36.94860291767551,50.69142380817004,57.48522177438227,54.84075049078619,24.322711642251303,7.993827002539659,6.391369636354325,67.2859739428129,75.28402084576057,7.007184953628279,19.67061310980947,35.43754737266813,50.87314627925087,14.362651995603708,34.615657108938116,33.02324590546965,113,UP,0.8910065241883662,0.4539904997395457
45.86290915531474,33.19384055913797,26.999999999999986,85.0,85.0,37.254318187372164,51.110848118619636,56.923105953341924,54.304493474859804,23.7227116422513,7.635604799970815,6.10495731997081,67.01273734572848,74.97830557606392,7.710235611695085,19.83363641605162,35.973804388594516,51.47314627925087,14.720874198172538,34.90206942532162,33.296482502554085,114,UP,0.8910065241883662,0.4539904997395457
46.39751306982776,33.46623485898169,26.999999999999986,85.0,85.0,37.56003345706882,51.53027242906922,56.36099013230158,53.768236458933394,23.12271164225132,7.27738259740198,5.818545003587304,66.73950074864403,74.67259030636725,8.413286269761883,11.435504212854404,36.51006140452091,52.07314627925087,15.079096400741372,35.18848174170513,33.56971909963852,115,UP,0.8910065241883662,0.4539904997395457
46.93211698434078,33.73862915882542,26.999999999999986,85.0,85.0,37.86574872676547,51.94969673951884,55.79887431126124,53.231979443007006,22.522711642251302,6.9191603948331455,5.532132687203799,66.46626415155961,74.3668750366706,9.11633692782867,10.554017741876605,37.04631842044729,52.673146279250865,15.437318603310215,35.474894058088644,33.84295569672295,116,UP,0.8910065241883662,0.4539904997395457
47.4667208988538,34.01102345866914,26.999999999999986,85.0,85.0,38.17146399646212,52.369121049968435,55.23675849022089,52.69572242708063,21.92271164225129,6.560938192264307,5.245720370820289,5.004403447022818,74.06115976697394,9.819387585895477,9.672531270898883,37.58257543637369,53.27314627925087,15.79554080587905,35.76130637447215,34.11619229380739,117,UP,0.8910065241883662,0.4539904997395457
48.00132481336682,34.28341775851287,26.999999999999986,85.0,85.0,38.47717926615877,52.788545360418034,54.674642669180535,52.15946541115422,21.322711642251303,80.06595034095275,4.959308054436778,4.731166849938386,73.7554444972773,10.522438243962274,8.791044799921089,38.118832452300076,53.87314627925086,16.153763008447882,36.04771869085566,34.38942889089182,118,UP,0.8910065241883662,0.4539904997395457
48.53592872787984,34.555812058356594,26.999999999999986,85.0,85.0,38.78289453585544,53.207969670867634,54.1125268481402,51.623208395227834,20.722711642251305,79.24278378300012,4.67289573805327,4.457930252853954,73.44972922758065,11.225488902029072,8.975206606155869,38.655089468226464,54.47314627925086,16.51198521101672,36.33413100723917,34.66266548797625,119,UP,0.8910065241883662,0.4539904997395457
49.07053264239286,34.82820635820032,26.999999999999986,85.0,85.0,39.08860980555208,53.62739398131725,53.55041102709985,51.086951379301446,20.122711642251307,78.41961722504746,4.3864834216697615,4.184693655769521,73.14401395788398,64.53201955572729,9.537322427196216,39.19134648415286,55.073146279250864,16.870207413585558,36.62054332362268,34.93590208506068,120,UP,0.8910065241883662,0.4539904997395457
49.60513655690588,35.100600658044044,26.999999999999986,85.0,85.0,39.394325075248744,54.04681829176683,52.988295206059504,50.55069436337507,19.522711642251306,77.59645066709483,4.100071105286253,3.9114570586850883,4.37639819249133,65.23507021379407,10.09943824823656,39.72760350007925,55.673146279250865,17.228429616154386,36.90695564000619,35.20913868214512,121,RIGHT,0.45399049973954575,-0.8910065241883662
49.60513655690588,35.100600658044044,23.999999999999986,85.0,85.0,38.42239087764824,50.99203506080875,53.98020568209202,50.41213842386071,19.041048584469426,73.2106173512451,4.176822083327647,3.9007360267692848,4.268423984087604,68.38556549451842,10.28849393612976,49.62214082522607,35.69076534083292,18.0604680583926,37.59783266851649,35.112632880374576,122,RIGHT,0.4067366430757992,-0.9135454576425992
49.60513655690588,35.100600658044044,20.999999999999986,85.0,85.0,37.59783266851649,48.38963445739032,55.16404577516898,50.41213842386071,18.632420892070034,69.47428177365316,4.268423984087598,3.9007360267692848,4.176822083327649,72.06334977422308,10.51413093519385,49.62214082522607,34.924828789781415,19.031762293205766,38.42239087764825,35.11263288037458,123,UP,0.9335804264972,0.35836794954529927
50.1652848128042,35.31562142777123,20.999999999999986,85.0,85.0,37.828151089537734,48.68606176213108,54.550887172920795,49.8517981533465,18.032420892070036,68.70206224359642,4.033054448911937,3.685641549536845,3.9465036623063954,72.87709936735068,11.127289537442035,50.182481095740286,35.52482878978141,19.34413149553217,38.65776041282391,35.327727357607,124,UP,0.9335804264972,0.35836794954529927
50.72543306870252,35.53064219749841,20.999999999999986,85.0,85.0,38.058469510558986,48.98248906687182,53.9377285706726,49.29145788283228,17.43242089207004,67.92984271353967,20.21722909132697,3.4705470723044263,3.7161852412851424,4.782851367715084,11.740448139690233,50.7428213662545,36.124828789781404,19.65650069785856,38.893129947999576,35.54282183483943,125,UP,0.9335804264972,0.35836794954529927
51.28558132460084,35.74566296722559,20.999999999999986,85.0,85.0,38.28878793158024,49.27891637161257,53.32456996842441,48.73111761231807,16.832420892070047,67.15762318348293,19.981859556151296,3.255452595072008,3.4858668202638925,4.486424062974342,12.353606741938416,51.30316163676871,36.72482878978141,19.968869900184956,39.12849948317525,35.757916312071856,126,UP,0.9335804264972,0.35836794954529927
51.84572958049916,35.960683736952774,20.999999999999986,85.0,85.0,38.51910635260149,49.57534367635329,52.71141136617622,48.17077734180386,16.232420892070046,66.38540365342617,19.746490020975635,3.0403581178395687,3.255548399242638,4.189996758233605,12.966765344186609,51.863501907282924,37.32482878978141,20.28123910251135,39.36386901835092,35.97301078930428,127,UP,0.9335804264972,0.35836794954529927
52.40587783639748,36.175704506679956,20.999999999999986,85.0,85.0,38.74942477362274,49.87177098109405,52.09825276392804,47.61043707128964,15.632420892070048,65.61318412336941,19.511120485799974,63.84617398255008,3.0252299782213967,3.8935694534928724,13.57992394643479,52.42384217779714,37.9248287897814,20.593608304837748,39.59923855352658,36.18810526653671,128,UP,0.9335804264972,0.35836794954529927
52.9660260922958,36.39072527640714,20.999999999999986,85.0,85.0,38.979743194643994,50.168198285834784,51.48509416167985,47.05009680077543,15.03242089207005,64.84096459331268,19.275750950624293,63.63107950531765,2.79491155720013,3.5971421487521207,6.415145446107726,52.98418244831136,38.524828789781395,20.905977507164142,39.834608088702254,36.403199743769136,129,UP,0.9335804264972,0.35836794954529927
53.52617434819412,36.60574604613432,20.999999999999986,85.0,85.0,39.210061615665246,50.46462559057554,50.87193555943168,46.48975653026122,14.432420892070045,64.06874506325596,19.040381415448625,63.41598502808523,4.2586798013900085,3.300714844011374,5.886496814646417,15.06111213686049,39.1248287897814,21.218346709490543,40.069977623877925,36.618294221001555,130,LEFT,-0.3583679495452992,0.9335804264972
53.52617434819412,36.60574604613432,23.999999999999986,85.0,85.0,40.069977623877904,53.178619477093505,19.788145860255206,46.48975653026122,14.748938368732105,67.51437019935186,18.631768040734336,63.41598502808523,3.752242081394434,3.4782277018390544,6.680993534448387,53.54452271882557,39.98287555657024,20.135459191577784,39.21006161566526,36.618294221001555,131,LEFT,-0.40673664307579904,0.9135454576425991
53.52617434819412,36.60574604613432,26.999999999999986,85.0,85.0,41.08358923575681,56.36439456589716,19.424529810037768,46.6175319449775,15.122028050332634,71.5589580587642,18.289400951296887,63.590281569761686,3.3616878526526204,3.686598119775128,14.222261365586792,53.69168790330506,60.07382987116953,20.82718453457778,38.489559157569566,36.71893827852088,132,LEFT,-0.4539904997395455,0.891006524188366
53.52617434819412,36.60574604613432,29.999999999999986,85.0,85.0,42.26867466724545,58.578975207623934,19.12551165836341,18.343092011979138,53.6633515006837,76.3416068056114,18.007856794441054,63.94128047224176,3.0523486963882425,3.9329922031432973,14.00332611475926,43.90175999084954,61.806702337241425,22.219171096663473,37.897056947703454,36.921615585773495,133,LEFT,-0.4999999999999986,0.8660254037844368
53.52617434819412,36.60574604613432,32.999999999999986,85.0,85.0,43.64734789228518,56.391637947475836,18.88654190630007,13.70328848415079,55.41368378487098,76.92299411072517,17.78285193442843,64.47387494960691,2.8548205283167754,4.227096733370577,13.828357129380883,44.26743666709135,63.82264549872376,44.417646898639575,37.42354018828317,37.22915163151967,134,LEFT,-0.5446390350150256,0.8386705679454222
53.52617434819412,36.60574604613432,35.99999999999999,85.0,85.0,45.247190480116174,54.505789892048554,18.704104212341267,13.8566870171132,57.44480768010554,74.3505368432758,22.2062679788146,6.537608299371288,2.959460642375635,4.582316805343346,13.694779812874827,55.04713095845577,62.27741492894732,42.93223281812509,37.06204127516308,37.64590540929467,135,LEFT,-0.5877852522924716,0.8090169943749456
53.52617434819412,36.60574604613432,38.999999999999986,85.0,85.0,47.102793891519326,52.882249312414025,46.72981647588214,14.052511814077459,59.80063972111248,72.13588929992777,63.74344722736412,5.373563001622722,3.08082917831421,5.017730267726891,13.600680297928843,40.863095119853384,23.208760202047326,41.65342881780527,36.807380728987525,38.17792303906472,136,UP,0.7771459614569691,0.6293203910498357
53.9924619250683,36.98333828076422,38.999999999999986,85.0,85.0,47.58866431143633,52.351663858221194,46.26096045667756,13.566197692749657,59.20063972111248,71.70622967087691,63.36377510914486,7.015331960832548,3.1660533384981457,4.226395672037054,14.069536317133439,42.1925734092167,23.80876020204733,42.083088446856145,37.18705284720678,38.57173244963324,137,UP,0.7771459614569691,0.6293203910498357
54.45874950194248,37.360930515394124,38.999999999999986,85.0,85.0,48.07453473135334,51.82107840402836,45.79210443747295,13.079883571421844,58.600639721112486,71.27657004182602,62.98410299092561,65.32934941437844,3.90699163241918,3.4350610763472225,14.538392336338038,43.522051698580036,24.408760202047326,42.51274807590703,37.56672496542603,38.96554186020175,138,UP,0.7771459614569691,0.6293203910498357
54.92503707881666,37.738522750024025,38.999999999999986,85.0,85.0,48.560405151270324,51.29049294983554,45.32324841826836,12.593569450094046,58.00063972111249,70.84691041277516,19.850697659930457,64.93554000380993,4.647929926340213,3.328379746676333,15.007248355542634,57.284007703874686,25.008760202047334,42.942407704957894,37.94639708364529,39.35935127077026,139,UP,0.7771459614569691,0.6293203910498357
55.39132465569084,38.116114984653926,38.999999999999986,85.0,85.0,49.04627557118733,18.89889842267745,44.854392399063755,12.107255328766245,57.40063972111249,70.41725078372428,15.971377894565354,64.54173059324143,5.388868220261241,3.8589652008691737,15.476104374747232,57.77032182520249,25.608760202047318,43.37206733400877,38.32606920186454,39.75316068133878,140,UP,0.7771459614569691,0.6293203910498357
55.85761223256502,38.49370721928383,38.999999999999986,85.0,85.0,49.532145991104336,18.368312968484616,44.38553637985917,11.62094120743844,56.800639721112496,69.98759115467341,15.591705776346098,64.1479211826729,6.12980651418227,4.389550655062001,4.843587716579784,58.25663594653029,26.20876020204732,43.80172696305965,38.7057413200838,40.146970091907285,141,UP,0.7771459614569691,0.6293203910498357
56.3238998094392,38.87129945391373,38.999999999999986,85.0,85.0,50.018016411021335,17.8377275142918,43.91668036065456,11.134627086110656,56.200639721112495,69.55793152562252,15.212033658126844,63.75411177210439,78.65794017829539,4.9201361092548215,4.347717058394222,58.74295006785808,26.808760202047313,44.23138659211052,39.08541343830306,40.5407795024758,142,UP,0.7771459614569691,0.6293203910498357
56.79018738631338,39.24889168854363,38.999999999999986,85.0,85.0,50.503886830938335,17.307142060098982,43.44782434144997,10.648312964782857,55.60063972111251,69.12827189657165,14.83236153990759,63.360302361535865,78.17206975837838,5.450721563447658,4.816573077598827,59.22926418918589,27.40876020204732,44.6610462211614,39.46508555652231,40.93458891304432,143,UP,0.7771459614569691,0.6293203910498357
57.25647496318756,39.62648392317353,38.999999999999986,85.0,85.0,50.98975725085534,16.776556605906123,42.97896832224536,10.161998843455041,55.0006397211125,68.69861226752077,14.45268942168833,62.96649295096736,77.68619933846138,5.981307017640485,5.2854290968034245,59.715578310513685,28.008760202047313,45.09070585021227,39.844757674741565,41.32839832361283,144,UP,0.7771459614569691,0.6293203910498357
57.72276254006174,40.00407615780343,38.999999999999986,85.0,85.0,51.475627670772354,16.245971151713306,9.328339077444735,9.675684722127238,54.40063972111252,68.2689526384699,14.073017303469078,62.57268354039885,77.20032891854437,6.5118924718333115,5.754285116008015,60.20189243184149,28.608760202047325,45.52036547926314,40.22442979296082,41.72220773418134,145,UP,0.7771459614569691,0.6293203910498357
58.18905011693592,40.38166839243333,38.999999999999986,85.0,85.0,51.96149809068936,15.715385697520466,8.859483058240137,9.189370600799439,53.8006397211125,67.83929300941904,13.693345185249822,62.178874129830334,76.71445849862738,7.042477926026145,6.22314113521262,60.68820655316929,29.20876020204731,45.95002510831402,40.60410191118008,42.116017144749854,146,UP,0.7771459614569691,0.6293203910498357
58.6553376938101,40.759260627063234,38.999999999999986,85.0,85.0,52.447368510606346,15.184800243327635,8.39062703903554,8.70305647947164,53.200639721112516,67.40963338036816,13.313673067030566,61.78506471926182,76.22858807871037,66.74350880144017,6.691997154417223,61.17452067449709,29.808760202047306,46.3796847373649,40.983774029399335,42.50982655531837,147,UP,0.7771459614569691,0.6293203910498357
59.12162527068428,41.136852861693136,38.999999999999986,85.0,85.0,52.93323893052335,14.95697754309316,7.921771019830944,8.216742358143838,52.600639721112515,66.97997375131727,12.934000948811311,61.39125530869331,75.74271765879337,67.274094255633,7.160853173621814,7.427491333043198,30.408760202047304,46.80934436641577,41.36344614761859,42.903635965886885,148,UP,0.7771459614569691,0.6293203910498357
59.58791284755846,41.51444509632304,38.999999999999986,85.0,85.0,53.41910935044036,15.748312138782978,7.452915000626345,7.7304282368160395,52.00063972111253,66.5503141222664,12.554328830592056,60.997445898124795,75.25684723887638,67.80467970982583,7.629709192826412,7.913805454370997,31.0087602020473,47.23900399546664,41.74311826583784,43.2974453764554,149,UP,0.7771459614569691,0.6293203910498357
60.054200424432636,41.89203733095294,38.999999999999986,85.0,85.0,53.904979770357365,16.539646734472825,6.984058981421747,7.244114115488242,51.40063972111253,66.12065449321553,12.174656712372798,60.60363648755628,74.77097681895937,68.33526516401867,8.098565212031009,8.400119575698795,31.608760202047304,47.66866362451753,42.122790384057105,43.69125478702391,150,UP,0.7771459614569691,0.6293203910498357
60.520488001306816,42.26962956558284,38.999999999999986,85.0,85.0,54.39085019027435,17.330981330162693,6.51520296221715,41.1751141147719,50.80063972111253,65.69099486416465,11.794984594153544,12.234177090680877,74.28510639904236,68.86585061821148,8.567421231235613,8.886433697026602,32.2087602020473,48.098323253568395,42.50246250227636,44.08506419759242,151,UP,0.7771459614569691,0.6293203910498357
60.986775578180996,42.64722180021274,38.999999999999986,85.0,85.0,17.500186834001447,6.842407066476842,6.046346943012553,40.6887999934441,50.20063972111254,65.26133523511379,57.66869333585603,11.840367680112372,73.79923597912537,69.39643607240431,9.036277250440197,9.372747818354398,32.8087602020473,48.52798288261927,42.88213462049561,44.47887360816094,152,UP,0.7771459614569691,0.6293203910498357
61.453063155055176,43.02481403484264,38.999999999999986,85.0,85.0,16.759248540080403,6.311821612284016,5.5774909238079555,40.202485872116306,49.600639721112536,64.8316756060629,57.28902121763678,11.446558269543853,73.31336555920836,69.92702152659714,61.79156380694766,9.859061939682197,33.408760202047304,48.957642511670144,43.26180673871487,44.872683018729454,153,UP,0.7771459614569691,0.6293203910498357
61.919350731929356,43.40240626947254,38.999999999999986,85.0,85.0,16.018310246159366,5.781236158091179,5.108634904603365,39.7161717507885,49.00063972111254,64.40201597701203,56.90934909941752,11.052748858975345,72.82749513929136,70.45760698078998,62.26041982615226,10.34537606101,34.0087602020473,49.38730214072102,43.64147885693412,45.26649242929796,154,UP,0.7771459614569691,0.6293203910498357
62.385638308803536,43.779998504102444,38.999999999999986,85.0,85.0,15.277371952238367,5.250650703898349,4.639778885398767,39.22985762946069,48.400639721112555,63.97235634796115,56.529676981198264,10.658939448406825,72.34162471937435,70.9881924349828,62.72927584535685,10.831690182337798,34.60876020204729,49.8169617697719,44.021150975153375,45.66030183986647,155,UP,0.7771459614569691,0.6293203910498357
62.851925885677716,44.157590738732345,38.999999999999986,85.0,85.0,6.591355012988609,4.720065249705522,4.17092286619417,38.743543508132895,47.80063972111256,63.54269671891027,56.15000486297901,10.265130037838318,71.85575429945736,71.51877788917564,63.19813186456145,11.3180043036656,35.208760202047294,50.246621398822775,44.40082309337264,46.054111250434985,156,UP,0.7771459614569691,0.6293203910498357
63.318213462551896,44.53518297336225,38.999999999999986,85.0,85.0,5.850416719067593,4.189479795512688,5.119973609406892,38.25722938680509,47.200639721112566,63.113037089859404,55.770332744759756,9.8713206272698,71.36988387954034,72.04936334336847,63.66698788376605,11.80431842499339,35.808760202047296,50.67628102787364,44.78049521159189,46.4479206610035,157,UP,0.7771459614569691,0.6293203910498357
63.784501039426075,44.91277520799215,38.999999999999986,85.0,85.0,5.109478425146537,3.6588943413198542,36.414984053381005,37.77091526547729,46.600639721112564,62.68337746080852,55.390660626540495,9.477511216701295,70.88401345962335,72.57994879756129,64.13584390297063,12.290632546321191,36.40876020204729,51.10594065692453,45.160167329811145,46.84173007157202,158,UP,0.7771459614569691,0.6293203910498357
64.25078861630026,45.29036744262205,38.999999999999986,85.0,85.0,4.368540131225542,3.128308887127034,35.946128034176404,37.28460114414949,46.00063972111257,62.253717831757655,55.01098850832124,9.083701806132773,11.207203008620649,73.11053425175413,64.60469992217524,12.776946667649002,37.008760202047284,51.5356002859754,45.5398394480304,47.23553948214053,159,UP,0.7771459614569691,0.6293203910498357
64.71707619317444,45.66795967725195,38.999999999999986,85.0,85.0,3.6276018373044807,3.4956073662872016,35.47727201497181,36.79828702282169,45.400639721112576,61.82405820270678,54.631316390101986,9.566652801829798,10.721332588703657,73.64111970594695,65.07355594137985,13.263260788976801,37.60876020204728,51.96525991502627,45.91951156624965,47.62934889270904,160,UP,0.7771459614569691,0.6293203910498357
65.18336377004862,46.04555191188185,38.999999999999986,85.0,85.0,2.8866635433834857,4.286941961977023,35.008415995767216,36.31197290149388,44.80063972111258,61.3943985736559,54.251644271882725,11.208421761039643,10.235462168786642,74.17170516013978,65.54241196058445,13.749574910304602,38.20876020204729,52.39491954407715,46.29918368446891,6.396260849374812,161,UP,0.7771459614569691,0.6293203910498357
65.6496513469228,46.42314414651175,38.999999999999986,85.0,85.0,3.1180039100620283,5.078276557666854,34.539559976562614,35.825658780166094,44.20063972111258,60.964738944605024,53.87197215366347,12.850190720249444,9.749591748869648,74.70229061433261,66.01126797978904,14.235889031632402,38.80876020204729,52.82457917312802,46.67885580268817,4.754491890164978,162,UP,0.7771459614569691,0.6293203910498357
66.11593892379697,46.800736381141654,38.999999999999986,85.0,85.0,3.60387432997903,5.86961115335671,34.07070395735802,35.339344658838286,43.60063972111258,60.53507931555414,53.49230003544422,55.48411415016562,9.26372132895264,75.23287606852544,66.48012399899363,14.722203152960194,39.40876020204728,53.2542388021789,47.05852792090742,3.112722930955144,163,UP,0.7771459614569691,0.6293203910498357
66.58222650067115,47.178328615771555,38.999999999999986,85.0,85.0,4.089744749896038,38.02585659501479,33.60184793815342,34.85303053751049,43.000639721112584,60.105419686503275,53.11262791722496,55.0903047395971,8.777850909035646,75.76346152271826,66.94898001819824,15.208517274287995,40.00876020204728,53.68389843122977,47.438200039126684,3.314834374167816,164,UP,0.7771459614569691,0.6293203910498357
67.04851407754533,47.555920850401456,38.999999999999986,85.0,85.0,4.575615169813032,37.495271140821956,33.13299191894882,34.36671641618268,42.4006397211126,59.67576005745239,52.73295579900571,54.69649532902858,8.29198048911864,76.29404697691109,67.41783603740284,15.694831395615795,40.60876020204728,54.11355806028065,47.81787215734594,3.7086437847363274,165,UP,0.7771459614569691,0.6293203910498357
67.51480165441951,47.93351308503136,38.999999999999986,85.0,85.0,5.061485589730063,36.96468568662913,32.664135899744224,33.88040229485489,41.80063972111259,59.246100428401526,52.353283680786454,54.30268591846007,8.763106571550457,76.82463243110392,67.88669205660743,16.181145516943587,41.208760202047266,54.54321768933152,3.9551799747704726,4.102453195304847,166,UP,0.7771459614569691,0.6293203910498357
67.9810892312937,48.31110531966126,38.999999999999986,85.0,85.0,5.547356009647046,36.43410023243629,32.19527988053963,33.39408817352708,41.2006397211126,58.816440799350644,51.97361156256719,53.908876507891556,9.504044865471474,11.922435788967963,68.35554807581204,16.667459638271396,41.808760202047274,54.9728773183824,4.334852092989722,4.496262605873355,167,UP,0.7771459614569691,0.6293203910498357
68.44737680816787,48.68869755429116,38.999999999999986,85.0,85.0,50.137614545106025,35.90351477824347,31.72642386133503,32.90777405219929,40.60063972111259,58.38678117029978,51.59393944434794,53.51506709732305,10.244983159392493,11.131101193278125,68.82440409501663,17.153773759599197,42.408760202047276,55.40253694743327,4.7145242112089765,4.89007201644187,168,UP,0.7771459614569691,0.6293203910498357
68.91366438504205,49.06628978892106,38.999999999999986,85.0,85.0,49.396676251185006,35.37292932405064,31.257567842130427,32.421459930871485,40.000639721112606,57.957121541248895,51.21426732612868,53.121257686754525,10.985921453313532,10.33976659758829,69.29326011422123,17.83808474926779,43.00876020204728,55.83219657648415,5.094196329428232,5.283881427010377,169,LEFT,-0.6293203910498357,0.7771459614569691
68.91366438504205,49.06628978892106,41.999999999999986,85.0,85.0,46.4577995977757,34.44143855873929,31.128996823229183,32.97789871199092,41.83079064701577,56.43091139887894,51.0036088844464,54.03296024246218,10.332309297079492,11.460123206245472,69.00823777656295,17.94283886808894,40.44993538138245,54.3619430093677,5.0732424914372025,5.374566934297661,170,LEFT,-0.6691306063588564,0.7431448254773926
68.91366438504205,49.06628978892106,44.999999999999986,85.0,85.0,43.962717431155305,33.64760720530215,31.086335614957946,33.647607205302144,43.9627174311553,55.13025066442492,50.93371021107893,55.13025066442492,9.777397939022316,12.892406082456292,68.91366438504205,18.30721840873277,40.89009631123041,53.10896936481449,5.066289788921068,5.483712551949163,171,LEFT,-0.7071067811865456,0.7071067811865459
68.91366438504205,49.06628978892106,47.999999999999986,85.0,85.0,41.83079064701579,32.97789871199093,31.128996823229183,34.44143855873929,46.45779959777563,54.032960242462195,51.0036088844464,56.43091139887893,9.30325307802655,73.10697124650879,69.00823777656294,18.739131557219114,55.16660579301771,5.3745669342976505,5.073242491437203,5.613087069739176,172,LEFT,-0.7431448254773921,0.6691306063588567
68.91366438504205,49.06628978892106,50.999999999999986,85.0,85.0,40.00063972111261,32.421459930871485,31.257567842130427,35.37292932405062,49.39667625118498,53.12125768675452,51.21426732612868,57.957121541248874,8.896223782827779,71.87343134370872,69.29326011422123,19.245943372461216,63.136517748780435,5.283881427010382,5.094196329428232,5.764896604681618,173,LEFT,-0.7771459614569687,0.629320391049836
68.91366438504205,49.06628978892106,53.99999999999999,85.0,85.0,38.424823991460755,31.969659861798633,31.47383069868648,36.45891539546118,52.88723303913356,52.38100145081435,51.56860531570973,59.736466026865145,8.545759153531284,70.87185950472222,42.436123483837754,80.82385426593972,60.649269582810255,5.210249394437332,5.129441728418442,57.54630363453575,174,LEFT,-0.8090169943749451,0.5877852522924717
68.91366438504205,49.06628978892106,56.99999999999999,85.0,85.0,37.06620549605465,31.615744173578896,31.780822844770057,37.720358901512405,57.07695118492606,51.80112483472759,52.07159959587746,61.803290459975464,9.058679040408496,70.08728240754768,33.98697668768847,83.6202821078523,58.50484285996076,5.152570050703293,5.17947371656419,54.8834627664656,175,LEFT,-0.8386705679454216,0.5446390350150258
68.91366438504205,49.06628978892106,59.99999999999999,85.0,85.0,35.89540847083005,31.354578379560802,32.182942798399594,39.1834684953193,58.81318260238562,51.373215188691255,52.730456961439856,11.356935665749969,9.86742042215789,69.50831767845446,19.57464060233381,80.60019483957514,56.65687123553954,5.110006603797299,5.245009141524808,51.06489033902418,176,LEFT,-0.8660254037844362,0.49999999999999883
68.91366438504205,49.06628978892106,62.999999999999986,85.0,85.0,34.88901009257479,31.182460734783117,32.68610758912094,40.881235841473114,57.16423934995906,51.09120735251832,53.5548722272484,10.64544639531677,10.867430516518302,69.12675911349943,17.784079174315885,41.6758351318663,55.06838441347705,5.081955762519923,5.327012330094568,47.86577724713319,177,LEFT,-0.8910065241883653,0.45399049973954575
68.91366438504205,49.06628978892106,65.99999999999999,85.0,85.0,34.028230729947566,31.096991777375358,33.29797276448267,42.85557480005226,55.7538869959609,50.95116990447135,54.557388699956434,10.043754525891202,12.12998704461323,68.93728747171144,18.116986930094704,39.860333560850684,53.709740854643805,5.068026475017268,5.426730943717203,45.16035298178672,178,UP,0.4067366430757992,0.9135454576425983
69.15770637088754,49.61441706350662,65.99999999999999,85.0,85.0,33.761093518762436,30.85286613576967,33.03656841310705,42.51913889109547,55.15388699596089,50.402854735972014,53.97026491390821,10.398284000180713,10.782364980270692,69.18141311331713,18.378391281470343,40.196769469807485,54.309740854643806,5.616341643516596,6.013854729765441,44.8058235074972,179,UP,0.4067366430757992,0.9135454576425983
69.40174835673302,50.16254433809218,65.99999999999999,85.0,85.0,33.49395630757731,30.60874049416398,32.77516406173142,42.18270298213867,54.55388699596089,49.854539567472685,53.383141127859965,10.752813474470225,9.434742915928197,69.42553875492281,18.63979563284598,40.91284540341544,54.90974085464381,6.1646568120159255,6.600978515813663,44.4512940332077,180,UP,0.4067366430757992,0.9135454576425983
69.64579034257851,50.71067161267774,65.99999999999999,85.0,85.0,33.22681909639219,30.36461485255829,32.513759710355785,41.84626707318188,53.953886995960886,49.30622439897336,52.79601734181174,11.10734294875972,8.36935948683762,69.6696643965285,18.90119998422159,41.70913164010259,55.50974085464381,6.7129719805152535,17.899552238232182,44.09676455891819,181,UP,0.4067366430757992,0.9135454576425983
69.88983232842399,51.2587988872633,65.99999999999999,85.0,85.0,32.95968188520706,30.120489210952602,32.252355358980154,41.50983116422506,53.3538869959609,48.75790923047403,52.2088935557635,67.19454541069118,8.63649669802275,69.9137900381342,20.25515645713667,42.50541787678974,56.10974085464381,7.261287149014581,18.486676024280417,43.742235084628696,182,UP,0.4067366430757992,0.9135454576425983
70.13387431426948,51.806926161848864,65.99999999999999,85.0,85.0,32.69254467402193,29.87636356934691,31.99095100760453,41.17339525526829,52.7538869959609,48.209594061974705,51.62176976971527,66.43889798711231,8.903633909207883,70.15791567973989,21.78466621179253,43.30170411347691,56.709740854643805,7.80960231751391,19.073799810328644,43.387705610339175,183,UP,0.4067366430757992,0.9135454576425983
70.37791630011496,52.355053436434424,65.99999999999999,85.0,85.0,32.4254074628368,29.632237927741226,31.729546656228898,40.836959346311474,52.153886995960896,47.66127889347537,51.03464598366703,65.68325056353348,9.170771120393011,70.40204132134558,23.31417596644839,44.097990350164046,57.3097408546438,8.357917486013239,56.079853380035864,43.033176136049676,184,UP,0.4067366430757992,0.9135454576425983
70.62195828596045,52.903180711019985,65.99999999999999,85.0,85.0,32.158270251651686,29.388112286135534,31.468142304853274,40.50052343735469,51.553886995960895,47.11296372497605,50.4475221976188,64.92760313995466,9.437908331578132,70.64616696295127,24.843685721104258,44.894276586851205,57.90974085464381,8.906232654512566,56.666977166084095,42.67864666176016,185,UP,0.4067366430757992,0.9135454576425983
70.86600027180593,53.451307985605546,65.99999999999999,85.0,85.0,31.891133040466553,29.143986644529846,31.206737953477642,40.16408752839788,50.95388699596089,46.56464855647671,49.86039841157058,64.1719557163758,9.705045542763258,70.89029260455696,33.06196166474409,45.69056282353836,58.50974085464381,9.454547823011897,57.25410095213233,42.32411718747066,186,UP,0.4067366430757992,0.9135454576425983
71.11004225765141,53.999435260191106,65.99999999999999,85.0,85.0,31.62399582928143,28.89986100292416,30.945333602102007,39.82765161944109,50.35388699596089,46.01633338797739,49.27327462552234,63.41630829279696,9.972182753948388,9.113165111728833,33.48356144966671,46.486849060225516,59.109740854643796,10.002862991511222,57.841224738180564,41.96958771318114,187,UP,0.4067366430757992,0.9135454576425983
71.3540842434969,54.54756253477667,65.99999999999999,85.0,85.0,31.3568586180963,28.655735361318467,30.683929250726383,39.491215710484276,49.7538869959609,45.46801821947806,48.68615083947411,62.66066086921811,10.239319965133507,9.35729075333452,35.01307120432258,47.28313529691265,59.709740854643805,10.551178160010553,58.42834852422879,41.61505823889165,188,UP,0.4067366430757992,0.9135454576425983
71.59812622934238,55.09568980936223,65.99999999999999,85.0,85.0,31.089721406911174,28.411609719712782,30.422524899350748,39.154779801527496,49.153886995960896,44.91970305097873,48.099027053425885,61.905013445639256,78.37390644369354,9.601416394940202,36.54258095897845,48.07942153359982,60.309740854643806,11.09949332850988,59.015472310277026,41.26052876460213,189,UP,0.4067366430757992,0.9135454576425983
71.84216821518787,55.64381708394779,65.99999999999999,85.0,85.0,30.822584195726048,28.16748407810709,30.16112054797512,38.8183438925707,48.553886995960895,44.371387882479404,47.51190326737765,61.14936602206042,78.64104365487867,9.845542036545897,38.07209071363432,48.875707770286965,60.90974085464381,11.647808497009208,59.60259609632526,40.90599929031263,190,UP,0.4067366430757992,0.9135454576425983
72.08621020103335,56.19194435853335,65.99999999999999,85.0,85.0,30.555446984540918,27.923358436501402,29.899716196599492,38.4819079836139,47.95388699596089,43.823072713980075,46.92477948132941,60.39371859848157,78.9081808660638,10.08966767815158,39.60160046829021,49.6719940069741,61.50974085464381,12.196123665508537,60.18971988237349,40.551469816023115,191,UP,0.4067366430757992,0.9135454576425983
72.33025218687884,56.74007163311891,65.99999999999999,85.0,85.0,30.28830977335579,27.679232794895714,29.638311845223864,38.145472074657086,47.35388699596089,43.27475754548073,46.337655695281185,59.638071174902734,79.17531807724892,10.333793319757284,48.55527269027925,50.46828024366127,62.1097408546438,12.744438834007857,60.776843668421726,40.1969403417336,192,UP,0.4067366430757992,0.9135454576425983
72.57429417272432,57.28819890770447,65.99999999999999,85.0,85.0,30.021172562170662,27.435107153290026,29.37690749384823,37.809036165700306,46.75388699596089,42.7264423769814,45.75053190923295,58.882423751323884,79.44245528843405,10.577918961362965,48.81667704165488,51.264566480348414,62.709740854643805,57.307836872105376,61.36396745446995,39.84241086744407,193,UP,0.4067366430757992,0.9135454576425983
72.8183361585698,57.83632618229003,65.99999999999999,85.0,85.0,29.75403535098554,27.190981511684335,29.11550314247261,37.4726002567435,46.153886995960896,42.17812720848209,45.16340812318471,58.12677632774505,79.70959249961918,10.82204460296866,49.07808139303051,52.060852717035566,63.309740854643806,23.8444970959152,61.95109124051818,39.487881393154574,194,UP,0.4067366430757992,0.9135454576425983
73.06237814441529,58.38445345687559,65.99999999999999,85.0,85.0,29.486898139800413,26.94685587007865,28.854098791096977,37.13616434778671,45.55388699596089,41.62981203998276,44.576284337136485,57.37112890416621,79.97672971080429,11.066170244574343,11.849410967110126,84.81741172132573,63.90974085464381,24.392812264414523,62.53821502656642,39.13335191886509,195,UP,0.4067366430757992,0.9135454576425983
73.30642013026078,58.93258073146115,65.99999999999999,85.0,85.0,29.219760928615287,26.70273022847296,28.59269443972135,36.79972843882991,44.95388699596089,41.08149687148343,43.989160551088254,56.61548148058736,80.24386692198942,73.33154902061383,12.110815318485765,85.61369795801286,64.50974085464381,24.94112743291386,63.12533881261465,38.77882244457556,196,UP,0.4067366430757992,0.9135454576425983
73.55046211610626,59.48070800604671,65.99999999999999,85.0,85.0,28.95262371743016,26.45860458686727,28.331290088345717,36.463292529873094,44.35388699596089,40.5331817029841,43.40203676504003,55.8598340570085,80.51100413317455,73.57567466221954,12.372219669861382,29.709434158849263,65.1097408546438,25.489442601413185,63.71246259866288,38.42429297028605,197,UP,0.4067366430757992,0.9135454576425983
73.79450410195174,60.02883528063227,65.99999999999999,85.0,85.0,28.685486506245034,26.214478945261583,28.069885736970086,36.12685662091631,43.7538869959609,39.98486653448477,42.81491297899179,55.104186633429656,80.77814134435967,73.81980030382522,12.633624021237019,30.045870067806053,65.70974085464381,26.037757769912513,64.29958638471112,38.06976349599655,198,UP,0.4067366430757992,0.9135454576425983
74.03854608779723,60.57696255521783,65.99999999999999,85.0,85.0,28.4183492950599,25.97035330365589,27.808481385594458,35.790420711959506,43.15388699596089,39.436551365985444,42.227789192943554,54.3485392098508,81.04527855554481,74.06392594543091,12.89502837261264,30.382305976762858,66.3097408546438,26.586072938411842,64.88671017075936,37.71523402170705,199,UP,0.4067366430757992,0.9135454576425983
74.28258807364271,61.12508982980339,65.99999999999999,85.0,85.0,28.15121208387478,25.726227662050203,27.547077034218834,35.453984803002704,42.553886995960895,38.8882361974861,41.64066540689532,53.592891786271956,81.31241576672993,74.3080515870366,13.15643272398828,30.718741885719663,66.9097408546438,27.13438810691117,65.47383395680757,37.360704547417534,200,UP,0.4067366430757992,0.9135454576425983
74.5266300594882,61.673217104388954,65.99999999999999,85.0,85.0,27.884074872689645,25.482102020444515,27.2856726828432,35.117548894045925,41.95388699596089,38.33992102898679,41.053541620847085,52.83724436269313,81.57955297791506,74.55217722864228,13.417837075363902,31.055177794676446,67.50974085464381,27.6827032754105,66.0609577428558,37.00617507312802,201,UP,0.4067366430757992,0.9135454576425983
74.77067204533368,62.221344378974514,65.99999999999999,85.0,85.0,27.616937661504526,25.237976378838827,27.02426833146757,34.781112985089116,41.35388699596089,37.79160586048747,40.46641783479887,52.08159693911427,81.84669018910019,74.79630287024798,13.679241426739532,31.39161370363325,68.1097408546438,28.23101844390983,66.64808152890404,36.65164559883852,202,UP,0.4067366430757992,0.9135454576425983
75.01471403117917,62.769471653560075,65.99999999999999,85.0,85.0,27.349800450319403,24.993850737233135,26.76286398009194,34.44467707613232,40.7538869959609,37.243290691988136,39.87929404875062,51.32594951553543,82.1138274002853,75.04042851185366,13.94064577811516,31.728049612590052,68.70974085464381,28.77933361240915,67.23520531495227,36.297116124549,203,UP,0.4067366430757992,0.9135454576425983
75.25875601702465,63.317598928145635,65.99999999999999,85.0,85.0,27.082663239134273,24.749725095627447,26.501459628716308,34.10824116717552,40.15388699596089,36.694975523488814,39.29217026270239,50.570302091956584,82.38096461147045,75.28455415345935,14.20205012949079,32.06448552154686,69.3097408546438,29.32764878090848,67.8223291010005,35.94258665025948,204,UP,0.4067366430757992,0.9135454576425983
75.50279800287014,63.865726202731196,65.99999999999999,85.0,85.0,26.81552602794915,24.50559945402176,26.240055277340684,33.77180525821872,39.553886995960895,36.14666035498948,38.705046476654154,49.81465466837773,82.64810182265556,75.52867979506505,14.46345448086642,32.400921430503644,69.9097408546438,29.875963949407815,68.35768105996118,35.588057175969986,205,UP,0.4067366430757992,0.9135454576425983
75.74683998871562,64.41385347731675,65.99999999999999,85.0,85.0,26.548388816764017,24.26147381241607,25.97865092596505,33.43536934926193,38.95388699596091,35.59834518649016,38.11792269060593,49.05900724479888,82.91523903384069,75.77280543667074,15.106968924497549,32.73735733946043,70.5097408546438,30.424279117907133,67.6766994427291,35.23352770168047,206,UP,0.4067366430757992,0.9135454576425983
75.9908819745611,64.9619807519023,65.99999999999999,85.0,85.0,26.281251605578895,24.017348170810383,25.71724657458942,33.09893344030512,38.35388699596091,35.05003001799082,37.5307989045577,48.30335982122007,83.18237624502582,76.01693107827641,16.636478679153402,33.07379324841723,71.10974085464379,30.972594286406455,66.9957178254971,34.87899822739097,207,UP,0.4067366430757992,0.9135454576425983
76.23492396040659,65.51010802648786,65.99999999999999,85.0,85.0,26.014114394393765,23.77322252920469,25.45584222321379,32.76249753134833,37.753886995960926,34.50171484949151,36.94367511850948,47.54771239764123,83.44951345621095,76.2610567198821,18.165988433809247,33.41022915737404,71.70974085464378,31.520909454905777,66.31473620826506,34.52446875310144,208,UP,0.4067366430757992,0.9135454576425983
76.47896594625207,66.05823530107341,65.99999999999999,85.0,85.0,25.74697718320864,23.529096887599003,25.194437871838165,32.42606162239153,37.15388699596093,33.95339968099219,36.35655133246125,46.79206497406239,83.44899648640983,76.5051823614878,19.695498188465084,33.74666506633084,72.30974085464378,32.0692246234051,65.63375459103304,34.16993927881194,209,UP,0.4067366430757992,0.9135454576425983
76.72300793209756,66.60636257565896,65.99999999999999,85.0,85.0,25.479839972023516,23.284971245993315,24.933033520462537,32.08962571343473,36.55388699596094,33.40508451249287,35.76942754641304,46.03641755048355,82.10137442206728,76.74930800309349,82.18146584324036,34.083100975287635,72.90974085464377,32.61753979190442,64.95277297380099,33.815409804522446,210,UP,0.4067366430757992,0.9135454576425983
76.96704991794304,67.15448985024452,65.99999999999999,85.0,85.0,25.212702760838393,23.040845604387624,24.671629169086906,31.753189804477937,35.95388699596094,32.85676934399355,35.182303760364825,45.28077012690473,80.7537523577248,76.99343364469917,82.44287019461599,34.41953688424444,73.50974085464375,33.16585496040374,64.271791356569,33.460880330232925,211,UP,0.4067366430757992,0.9135454576425983
77.21109190378853,67.70261712483007,65.99999999999999,85.0,85.0,24.945565549653256,22.796719962781935,24.410224817711278,31.416753895521133,35.35388699596095,32.30845417549423,34.595179974316586,44.52512270332589,79.40613029338229,77.23755928630486,82.70427454599162,34.75597279320124,74.10974085464376,33.714170128903056,63.59080973933695,33.10635085594342,212,UP,0.4067366430757992,0.9135454576425983
77.45513388963401,68.25074439941562,65.99999999999999,85.0,85.0,24.67842833846813,22.552594321176247,24.148820466335646,31.080317986564346,34.75388699596096,31.76013900699491,34.008056188268355,43.76947527974705,78.05850822903976,77.48168492791055,82.96567889736724,35.23001844648838,74.70974085464375,34.26248529740238,62.90982812210493,32.751821381653926,213,UP,0.4067366430757992,0.9135454576425983
77.6991758754795,68.79887167400118,65.99999999999999,85.0,85.0,24.411291127283,22.30846867957056,23.88741611496002,30.74388207760754,34.153886995960974,31.211823838495587,33.42093240222013,43.013827856168206,76.71088616469724,77.72581056951624,83.22708324874287,36.02630468317553,75.30974085464374,34.810800465901714,62.2288465048729,32.397291907364405,214,UP,0.4067366430757992,0.9135454576425983
77.94321786132498,69.34699894858673,65.99999999999999,85.0,85.0,24.144153916097878,22.06434303796487,23.626011763584383,30.407446168650747,33.55388699596098,30.66350866999625,32.83380861617191,42.25818043258937,75.36326410035474,77.96993621112193,83.4884876001185,21.97929579325448,75.90974085464373,36.03238430360861,61.547864887640884,32.0427624330749,215,UP,0.4067366430757992,0.9135454576425983
78.18725984717047,69.89512622317228,65.99999999999999,85.0,85.0,23.877016704912755,21.82021739635918,23.364607412208752,30.071010259693942,32.953886995960985,30.115193501496943,32.24668483012369,41.502533009010534,74.01564203601225,78.21406185272762,83.74989195149413,22.315731702211263,76.50974085464372,69.91908574758986,60.86688327040884,31.688232958785402,216,UP,0.4067366430757992,0.9135454576425983
78.43130183301595,70.44325349775784,65.99999999999999,85.0,85.0,23.60987949372763,21.57609175475349,23.103203060833128,29.734574350737155,32.35388699596099,29.56687833299762,31.65956104407546,40.74688558543171,72.66801997166974,78.4581874943333,84.01129630286977,22.65216761116808,77.10974085464372,70.46740091608918,60.185901653176835,31.333703484495874,217,UP,0.4067366430757992,0.9135454576425983
78.67534381886144,70.99138077234339,65.99999999999999,85.0,85.0,23.342742282542506,21.331966113147804,22.8417987094575,29.39813844178035,31.753886995961008,29.0185631644983,31.07243725802724,39.99123816185287,71.32039790732722,78.702313135939,84.2727006542454,22.988603520124865,77.70974085464371,71.01571608458849,59.50492003594479,30.979174010206364,218,UP,0.4067366430757992,0.9135454576425983
78.91938580470692,71.53950804692894,65.99999999999999,85.0,85.0,23.07560507135737,21.087840471542115,22.58039435808187,29.061702532823553,31.153886995961006,28.47024799599898,30.48531347197902,39.235590738274034,69.97277584298469,78.94643877754469,84.53410500562103,23.32503942908166,78.3097408546437,71.56403125308782,58.82393841871278,30.624644535916847,219,UP,0.4067366430757992,0.9135454576425983
79.1634277905524,72.0876353215145,65.99999999999999,85.0,85.0,22.808467860172247,20.843714829936427,22.31899000670624,28.72526662386675,30.553886995961022,27.92193282749966,29.89818968593079,38.4799433146952,68.6251537786422,79.19056441915038,84.79550935699665,23.661475338038457,78.9097408546437,72.11234642158713,58.142956801480715,30.27011506162734,220,UP,0.4067366430757992,0.9135454576425983
79.40746977639789,72.63576259610005,65.99999999999999,85.0,85.0,22.541330648987124,20.599589188330736,22.05758565533061,28.388830714909954,29.953886995961014,27.373617659000335,29.31106589988256,37.724295891116356,67.27753171429968,79.43469006075607,85.05691370837228,23.997911246995262,79.5097408546437,72.66066159008646,57.46197518424872,29.915585587337816,221,UP,0.4067366430757992,0.9135454576425983
79.65151176224337,73.1838898706856,65.99999999999999,85.0,85.0,22.274193437801994,20.355463546725048,21.79618130395498,28.05239480595315,29.353886995961037,26.825302490501013,28.72394211383433,36.96864846753754,65.92990964995717,79.67881570236175,85.31831805974791,24.334347155952056,80.10974085464368,73.20897675858578,56.78099356701666,29.561056113048338,222,UP,0.4067366430757992,0.9135454576425983
79.89555374808886,73.73201714527116,65.99999999999999,85.0,85.0,22.00705622661687,20.11133790511936,21.53477695257935,27.71595889699635,28.75388699596104,26.27698732200168,28.136818327786113,36.213001043958684,64.58228758561467,79.92294134396744,85.57972241112354,24.67078306490885,80.70974085464367,73.7572919270851,56.10001194978467,29.206526638758795,223,UP,0.4067366430757992,0.9135454576425983
80.13959573393434,74.28014441985671,65.99999999999999,85.0,85.0,21.739919015431735,19.86721226351367,21.27337260120372,27.379522988039557,28.153886995961045,25.728672153502373,27.54969454173789,35.45735362037985,63.23466552127213,80.16706698557313,85.84112676249917,25.007218973865655,81.30974085464365,74.30560709558442,55.41903033255261,28.851997164469314,224,UP,0.4067366430757992,0.9135454576425983
80.38363771977983,74.82827169444226,65.99999999999999,85.0,85.0,21.472781804246612,19.62308662190798,21.011968249828097,27.043087079082763,27.55388699596105,25.18035698500305,26.962570755689665,34.70170619680103,61.887043456929604,80.41119262717882,86.1025311138748,25.343654882822445,81.90974085464366,74.85392226408375,54.73804871532062,28.497467690179796,225,UP,0.4067366430757992,0.9135454576425983
80.62767970562531,75.37639896902782,65.99999999999999,85.0,85.0,21.205644593061493,19.378960980302292,20.750563898452462,26.70665117012596,26.953886995961067,24.63204181650373,26.37544696964143,33.94605877322218,60.53942139258709,80.65531826878451,86.36393546525042,25.680090791779257,82.50974085464365,75.40223743258308,54.05706709808857,28.14293821589029,226,UP,0.4067366430757992,0.9135454576425983
80.8717216914708,75.92452624361337,65.99999999999999,85.0,85.0,20.938507381876367,19.134835338696604,20.48915954707683,26.37021526116917,26.353886995961073,24.083726648004408,25.78832318359322,33.190411349643355,59.19179932824461,80.89944391039019,86.62533981662607,26.01652670073604,83.10974085464363,75.95055260108239,53.376085480856574,27.788408741600794,227,UP,0.4067366430757992,0.9135454576425983
81.11576367731628,76.47265351819892,65.99999999999999,85.0,85.0,20.67137017069123,18.890709697090916,20.227755195701203,26.033779352212367,25.753886995961075,23.53541147950509,25.20119939754499,32.434763926064534,57.8441772639021,81.14356955199588,86.88674416800168,26.352962609692838,83.70974085464363,76.49886776958171,52.695103863624446,27.433879267311287,228,UP,0.4067366430757992,0.9135454576425983
81.35980566316177,77.02078079278448,65.99999999999999,85.0,85.0,20.40423295950611,18.646584055485224,19.96635084432558,25.697343443255583,25.153886995961088,22.987096311005768,24.61407561149677,31.679116502485673,56.49655519955957,81.38769519360157,87.14814851937732,26.689398518649636,84.30974085464362,77.04718293808104,52.01412224639246,27.07934979302177,229,UP,0.4067366430757992,0.9135454576425983
81.60384764900725,77.56890806737003,65.99999999999999,85.0,85.0,20.137095748320984,18.402458413879536,19.704946492949947,25.36090753429878,24.553886995961097,22.438781142506446,24.02695182544854,30.923469078906848,55.148933135217064,81.63182083520726,87.40955287075295,27.025834427606437,84.90974085464362,77.59549810658035,51.3331406291604,26.724820318732263,230,UP,0.4067366430757992,0.9135454576425983
81.84788963485273,78.11703534195559,65.99999999999999,85.0,85.0,19.86995853713585,18.158332772273848,19.443542141574312,25.02447162534199,23.953886995961103,21.89046597400711,23.439828039400314,30.167821655328016,53.801311070874526,81.87594647681296,87.67095722212858,27.7720756380367,85.50974085464361,78.14381327507968,50.652159011928404,26.370290844442746,231,UP,0.4067366430757992,0.9135454576425983
82.09193162069822,78.66516261654114,65.99999999999999,85.0,85.0,19.602821325950718,17.91420713066816,19.182137790198684,24.688035716385187,23.35388699596111,21.342150805507803,22.852704253352094,29.41217423174918,52.453689006532024,82.12007211841865,87.9323615735042,28.56836187472385,86.1097408546436,78.692128443579,49.971177394696355,26.01576137015324,232,UP,0.4067366430757992,0.9135454576425983
82.3359736065437,79.21328989112669,65.99999999999999,85.0,85.0,19.3356841147656,17.67008148906247,18.92073343882306,24.35159980742838,22.753886995961118,20.79383563700848,22.26558046730386,28.65652680817034,51.10606694218955,82.36419776002433,88.19376592487983,29.364648111410983,86.7097408546436,79.24044361207831,49.29019577746439,25.661231895863743,233,UP,0.4067366430757992,0.9135454576425983
82.58001559238919,79.76141716571225,65.99999999999999,85.0,85.0,19.06854690358047,17.42595584745678,18.659329087447425,24.015163898471585,22.153886995961123,20.24552046850916,21.678456681255632,27.900879384591498,49.75844487784699,82.60832340163002,88.45517027625546,30.16093434809814,87.30974085464358,79.78875878057764,48.609214160232334,25.306702421574236,234,UP,0.4067366430757992,0.9135454576425983
82.82405757823467,80.3095444402978,65.99999999999999,85.0,85.0,18.80140969239535,17.181830205851092,18.397924736071793,23.67872798951478,21.553886995961125,19.697205300009838,21.091332895207426,27.145231961012655,48.41082281350451,82.85244904323571,88.71657462763109,30.957220584785258,87.90974085464357,80.33707394907695,47.928232543000306,24.95217294728472,235,UP,0.4067366430757992,0.9135454576425983
83.06809956408016,80.85767171488335,65.99999999999999,85.0,85.0,18.534272481210213,16.937704564245404,18.136520384696166,23.342292080557986,20.95388699596114,19.148890131510516,20.5042091091592,26.389584537433823,47.06320074916202,83.0965746848414,88.97797897900672,31.753506821472406,88.50974085464357,80.88538911757628,47.24725092576825,24.597643472995212,236,UP,0.4067366430757992,0.9135454576425983
83.31214154992564,81.4057989894689,65.99999999999999,85.0,85.0,18.26713527002509,16.693578922639716,17.875116033320538,23.005856171601188,20.35388699596114,18.600574963011198,19.917085323110967,25.63393711385501,45.7155786848195,83.34070032644709,89.23938333038235,32.54979305815958,89.10974085464356,81.4337042860756,46.56626930853623,24.243113998705688,237,UP,0.4067366430757992,0.9135454576425983
83.55618353577113,81.95392626405446,65.99999999999999,85.0,85.0,17.999998058839974,16.449453281034025,17.61371168194491,22.669420262644383,19.753886995961153,18.052259794511876,19.329961537062736,24.878289690276166,44.36795662047693,83.58482596805277,89.50078768175798,33.34607929484668,89.70974085464356,81.98201945457492,45.885287691304164,23.888584524416164,238,UP,0.4067366430757992,0.9135454576425983
83.80022552161661,82.50205353864001,65.99999999999999,85.0,85.0,17.732860847654855,16.205327639428337,17.352307330569282,22.3329843536876,19.153886995961162,17.50394462601254,18.742837751014513,24.12264226669733,43.02033455613445,83.82895160965846,89.7621920331336,34.142365531533855,90.30974085464354,82.53033462307424,45.20430607407214,23.534055050126668,239,UP,0.4067366430757992,0.9135454576425983
84.0442675074621,83.05018081322557,65.99999999999999,85.0,85.0,17.465723636469715,15.961201997822648,17.09090297919365,21.99654844473079,18.55388699596117,16.955629457513233,18.15571396496629,23.366994843118487,41.67271249179197,84.07307725126415,90.02359638450925,34.93865176822098,90.90974085464354,83.07864979157357,44.52332445684014,23.17952557583716,240,UP,0.4067366430757992,0.9135454576425983
84.28830949330758,83.59830808781112,65.99999999999999,85.0,85.0,17.198586425284596,15.717076356216959,16.829498627818026,21.660112535773997,17.953886995961177,16.40731428901391,17.568590178918072,22.611347419539655,40.32509042744945,84.31720289286984,90.28500073588486,35.734938004908116,91.50974085464352,83.62696496007288,43.84234283960812,22.824996101547665,241,UP,0.4067366430757992,0.9135454576425983
